root,hom,class,voice
aMS,,10,para
aMh,1,1,atma
aMh,1,10,para
ak,,1,para
akz,,1,atma
akz,,5,atma
ag,,1,para
aG,,10,para
aGaya,,denom,para
aGAya,,denom,para
aNk,,1,atma
aNk,,10,para
aNkAya,,denom,atma
aNkuraya,,denom,para
aNkurAya,,denom,atma
aNK,,10,para
aNg,,1,para
aNg,,10,para
aNG,,1,atma
ac,1,1,para
aj,,1,para
ajirAya,,denom,atma
aYc,1,1,para
aYc,1,10,para
aYj,,7,para
aw,,1,para
awAya,,denom,atma
aww,,1,atma
aww,,10,para
awwAya,,denom,atma
aW,,1,para
aW,,1,atma
aq,1,1,para
aqq,,1,para
aR,,1,para
aR,,4,atma
aRW,,1,atma
aRqarAya,,denom,atma
at,2,1,para
atirAjaya,,denom,para
ad,1,2,para
aDaraya,,denom,para
aDvarIya,,denom,para
an,2,2,para
analAya,,denom,atma
anukUlaya,,denom,para
ant,,1,para
antaya,,denom,para
and,,1,para
andolaya,,denom,para
anD,,10,para
annIya,,denom,para
anyaTaya,,denom,para
aparokzaya,,denom,para
apuvAya,,denom,atma
apUpIya,2,denom,para
apsarAya,,denom,atma
aBimuKaya,,denom,para
aBr,,1,para
aBrAya,,denom,atma
amalaya,,denom,para
amitraya,,denom,para
amitrAya,,denom,atma
amftAya,,denom,atma
amb,,1,para
amb,,1,atma
arajAya,,denom,atma
arahAya,,denom,atma
arAtIya,,denom,para
aruRaya,,denom,para
arkaya,,denom,para
arG,,1,para
arc,1,1,para
arj,,1,para
arT,,10,atma
arT,,1,atma
arTApaya,,denom,para
ard,,6,para
ard,,1,para
arDaya,,denom,para
arb,,1,para
arv,,1,para
arh,,1,para
al,,1,para
alIkAya,,denom,atma
alpaya,,denom,para
av,,1,para
aSanAya,,denom,para
aSanIya,,denom,para
aSAya,,denom,atma
aSAya,,denom,atma
aSezaya,,denom,para
aSnItapibatIya,,denom,para
aSvaya,,denom,atma
aSvAya,,denom,para
aSvIya,1,denom,para
az,,1,para
as,1,2,para
as,2,4,para
astrAya,,denom,atma
asmaya,,denom,para
asrAya,,denom,atma
ah,2,5,para
Akulaya,,denom,para
AKyAnaya,,denom,para
AtapAya,,denom,atma
AnAyAya,,denom,atma
Andolaya,,denom,para
Ap,1,5,para
Ar,1,4,para
ArAgaya,,denom,para
Ardraya,,denom,para
Avilaya,,denom,para
As,2,2,atma
AhAraya,,denom,para
AhvAnaya,,denom,para
i,5,2,para
iK,,1,para
iK,,1,para
iNK,,1,para
iNK,,1,para
iNg,,1,para
iw,,1,para
ind,,1,para
indraya,,denom,atma
inD,,7,atma
inv,,6,para
inv,,8,para
inv,,9,para
ir,,6,para
il,,6,para
il,,10,para
iz,1,1,para
iz,1,4,para
iz,3,6,para
izaRaya,,denom,atma
izaya,,denom,atma
Ikz,,1,atma
IK,,1,para
INK,,1,para
Ij,,1,para
IYj,,1,para
Iq,1,2,atma
Int,,1,para
Ir,,2,atma
Irkzy,,1,para
Irzy,,1,para
IS,1,2,atma
Iz,1,1,atma
Ih,,1,atma
u,4,5,para
u,4,2,atma
u,4,1,atma
ukz,1,1,para
uK,,1,para
uNK,,6,para
uc,,4,para
uC,1,1,para
uC,2,1,para
ujJ,,6,para
uYC,,1,para
uYC,,6,para
uW,,1,para
utkacaya,,denom,para
utkaya,,denom,para
utkAya,,denom,atma
utkorakaya,,denom,para
utkoSaya,,denom,para
uttaMsaya,,denom,para
uttaraMgaya,,denom,para
uttaraya,,denom,para
uttaralAya,,denom,atma
utpuMsaya,,denom,para
utpucCaya,,denom,atma
utsukAya,,denom,atma
utsvapnAya,,denom,atma
ud,2,7,para
ud,2,6,para
udakIya,,denom,para
udaDIya,,denom,para
udaSraya,,denom,para
udAttaya,,denom,para
udAnaya,,denom,para
uddAmaya,,denom,para
udvelaya,,denom,para
uDras,1,9,para
uDras,2,10,para
und,2,7,para
und,2,6,para
unnidraya,,denom,para
unmanaya,,denom,para
unmanAya,,denom,atma
upasargaya,,denom,para
upahastaya,,denom,para
upozaya,,denom,para
ubj,,6,para
uB,,9,para
uB,,6,para
ulaq,,10,para
ullAGaya,,denom,para
uz,1,1,para
uz,1,9,para
uzRaya,,denom,para
uzmAya,,denom,atma
usrIya,,denom,para
uh,,1,para
UQaya,,denom,para
Unaya,,denom,para
Uy,,1,atma
UrRu,,2,para
Urd,,1,atma
UrDvAya,,denom,atma
Urv,,1,para
Uz,,1,para
UzarAya,,denom,atma
UzmAya,,denom,atma
Uh,1,1,para
Uh,2,1,para
f,4,1,para
f,4,3,para
f,4,5,para
fGAya,,denom,atma
fc,1,6,para
fC,,6,para
fj,,1,para
fYj,1,1,atma
fYj,2,6,para
fYj,2,4,para
fYj,2,7,atma
fR,,8,para
ftaya,,denom,atma
ftAya,,denom,para
fD,,6,para
fD,,2,para
fD,,4,para
fD,,5,para
fD,,7,para
fP,,6,para
fmP,,6,para
fz,1,1,para
fz,2,6,para
ej,,1,para
ej,,1,atma
eW,,1,atma
eqakIya,,denom,para
eD,,1,atma
elAya,,denom,para
ez,1,1,para
oK,,1,para
oj,,1,para
oj,,10,para
ojAya,,denom,atma
oR,,1,para
odanIya,1,denom,para
olaRq,,1,para
olaRq,,8,para
olaRq,,10,para
OrvAya,,denom,atma
kaMs,,2,atma
kak,,1,atma
kakzAya,,denom,atma
kaK,,1,para
kag,,1,para
kaNk,,1,atma
kac,,1,para
kaj,,1,para
kaYc,,1,atma
kaw,1,1,para
kaw,2,1,para
kawakawApaya,,denom,para
kawakawAya,,denom,atma
kaww,,10,para
kaW,,1,para
kaWinaya,,denom,para
kaWoraya,,denom,para
kaq,,1,para
kaq,,6,para
kaqq,,1,para
kaR,,1,para
kaR,,10,para
kaRUkaya,,denom,para
kaRw,,1,para
kaRW,,1,para
kaRW,,10,para
kaRq,,1,para
kaRq,,10,para
kaRvAya,,denom,atma
katT,,1,atma
katr,,10,para
kaT,,10,para
kaTApaya,,denom,para
kad,1,1,atma
kan,,1,para
kanaya,,denom,para
kand,,1,para
kandalaya,,denom,para
kandukAya,,denom,atma
kapilAya,,denom,atma
kapiSaya,,denom,para
kaPoRiguqAya,,denom,atma
kab,,1,atma
kam,2,1,atma
kamp,,1,atma
kampAya,,denom,atma
kamb,,1,para
karalAya,,denom,atma
karuRAya,,denom,atma
karj,,1,para
karR,,10,para
kartr,,10,para
kartrIya,,denom,para
kard,,1,para
karb,,1,para
karv,,1,para
kal,1,1,atma
kal,2,10,para
kalaNkaya,,denom,para
kalaya,1,denom,para
kalahAya,,denom,atma
kaluzaya,,denom,para
kaluzAya,,denom,atma
kall,,1,atma
kav,,1,atma
kav,,10,para
kavalaya,,denom,para
kaS,,1,para
kaz,,1,para
kazwAya,,denom,atma
kas,1,1,para
kAMs,,1,atma
kANkz,,1,para
kAYc,,1,atma
kAntAya,,denom,atma
kAmukAya,,denom,atma
kArmukAya,,denom,atma
kAlaya,,denom,para
kAS,,1,atma
kAS,,4,para
kAs,1,1,atma
ki,2,3,para
kiw,,1,para
kiwakiwApaya,,denom,para
kiwakiwAya,,denom,atma
kit,,3,para
kil,,6,para
kil,,10,para
kilakilAya,,denom,atma
kilikilaya,,denom,para
kilikilAya,,denom,atma
kizk,,10,atma
kisalaya,2,denom,para
kIw,,10,para
kIrt,,10,para
kIl,,1,para
kuMS,,1,para
kuMS,,10,para
kuMs,,1,para
kuMs,,10,para
kuk,,1,atma
kuc,,1,para
kuc,,6,para
kuj,,1,para
kuj,,6,para
kuYc,,1,para
kuYj,,1,para
kuw,,6,para
kuw,,4,para
kuw,,10,atma
kuwIya,,denom,para
kuwumbaya,,denom,para
kuww,,10,para
kuq,,6,para
kuqmalAya,,denom,atma
kuR,,6,para
kuR,,10,para
kuRW,,1,para
kuRq,,1,para
kuRq,,1,atma
kuts,,10,para
kuts,,1,para
kuts,,4,para
kuT,,4,para
kud,,10,para
kunT,,1,para
kunT,,9,para
kundr,,10,para
kup,1,4,para
kup,2,10,para
kumAraya,,denom,para
kumb,,6,para
kumb,,10,para
kur,,6,para
kuraNgAya,,denom,atma
kurkurIya,,denom,para
kul,,1,para
kuliSAya,,denom,atma
kulyAya,,denom,atma
kuS,,4,para
kuz,,9,para
kusumaya,,denom,para
kuh,1,10,atma
kuhukuhAya,,denom,atma
kU,1,2,para
kU,1,1,atma
kU,1,6,para
kU,1,9,para
kUj,,1,para
kUw,,10,para
kUq,1,6,para
kUq,2,10,para
kUR,,1,para
kUp,,10,para
kUpAya,,denom,atma
kUrd,,1,para
kUl,1,1,para
kf,1,2,para
kf,1,1,para
kf,1,5,para
kf,1,8,para
kf,2,3,para
kfcCrAya,,denom,atma
kft,2,6,para
kft,2,1,para
kft,3,7,para
kftaya,,denom,para
kfp,2,6,atma
kfp,2,10,para
kfpaRAya,,denom,atma
kfpaya,,denom,para
kfpAya,,denom,para
kfS,,4,para
kfz,1,1,para
kfz,1,6,para
kfzRAya,,denom,atma
kF,1,6,para
kF,2,5,para
kF,2,9,para
kF,3,10,atma
kxp,,1,atma
kekAya,,denom,atma
ketaya,,denom,para
kep,,1,atma
keyUrAya,,denom,atma
kel,,1,para
kelAya,,denom,atma
kev,,1,atma
kesarAya,,denom,atma
kE,,1,para
kowAya,,denom,atma
kopAya,,denom,atma
knaMs,,1,para
knaMs,,10,para
knaT,,1,para
knas,,4,para
knu,,9,para
knU,,9,para
knUy,,1,atma
kmar,,1,para
kraMS,,1,para
kraT,,1,para
krand,,1,para
krap,,1,atma
kram,,1,para
kram,,4,para
krI,1,9,para
krIq,,1,para
kruYc,1,1,para
kruq,,6,para
kruq,,10,para
kruD,1,4,para
kruS,,1,para
klaT,,1,para
kland,,1,para
klam,,1,para
klam,,4,para
klav,,1,atma
klid,,4,atma
klind,1,1,para
kliS,,9,para
kliS,,4,para
klIb,,1,atma
klIb,,10,atma
klIbAya,,denom,atma
klu,,1,atma
kleS,,1,atma
kvaR,,1,para
kvaT,,1,atma
kzaj,,1,atma
kzaj,,10,para
kzad,1,1,atma
kzan,1,8,para
kzap,1,1,para
kzap,2,10,para
kzam,1,1,atma
kzam,1,2,para
kzam,1,4,para
kzamApaya,,denom,atma
kzamp,,1,para
kzamp,,10,para
kzar,,1,para
kzar,,2,para
kzal,2,10,para
kzi,1,1,para
kzi,2,2,para
kzi,2,6,para
kzi,4,1,para
kzi,4,5,para
kzi,4,9,para
kziR,,8,para
kzip,1,6,para
kzip,1,4,para
kziv,,1,para
kziv,,4,para
kzIj,,1,para
kzIb,,1,para
kzIrAya,,denom,para
kzIrIya,,denom,para
kzu,1,2,para
kzud,1,1,para
kzud,1,7,para
kzuD,1,4,para
kzup,,6,para
kzuB,1,1,atma
kzuB,1,4,para
kzuB,1,5,para
kzuB,1,9,para
kzump,,1,para
kzur,,6,para
kzetrIya,,denom,para
kzepAya,,denom,atma
kzE,,1,para
kzow,,10,para
kzRu,,2,para
kzmAy,,1,atma
kzmIl,,1,para
kzviq,1,1,para
kzviq,2,1,atma
kzviq,2,4,para
kzvel,,1,para
Kac,,1,para
Kac,,9,para
Kac,,10,para
Kaj,,1,para
KaYj,1,1,para
Kaw,1,1,para
KawaKawAya,,denom,atma
Kaww,,10,para
Kawvaya,,denom,para
KawvIya,,denom,para
Kaq,,10,para
KaRaKaRAya,,denom,atma
KaRq,,1,atma
KaRq,,10,para
Kad,,6,para
Kan,,1,para
Kamb,,1,para
Karj,,1,para
Kard,,1,para
Karb,,1,para
Karv,,1,para
Karvaya,,denom,para
Kal,,1,para
KalaKalAya,,denom,atma
KalAya,,denom,atma
Kall,,1,atma
Kav,,9,para
Kaz,,1,para
KAd,,1,para
Kiw,,1,para
Kid,,6,atma
Kid,,7,atma
Kid,,4,atma
Ku,,1,atma
Kuj,,1,para
KuRq,,1,atma
KuRq,,10,para
Kud,,6,para
Kur,,6,para
KuruKurAya,,denom,atma
Kurd,,1,atma
Kew,,10,para
Kel,,1,para
KelAya,,denom,para
KE,,1,para
Kow,,1,para
Kow,,10,para
Koq,,1,para
Koq,,10,para
Kor,,1,para
KyA,,2,para
gaj,,1,para
gaj,,10,para
gaYj,,1,para
gaq,,1,para
gaq,,10,para
gaR,,10,para
gaRq,,1,para
gaRqUzaya,,denom,para
gad,,1,para
gad,,10,para
gadAya,,denom,atma
gaD,,4,para
ganD,,10,atma
gam,1,1,para
gam,1,2,para
gam,1,3,para
gamb,,1,para
garj,,1,para
gard,,1,para
garb,,1,para
garv,,1,para
garv,,10,atma
garvaya,,denom,para
garh,,1,para
garh,,10,para
gal,1,1,para
gal,2,1,para
galB,,1,atma
galBAya,,denom,atma
gavaya,1,denom,para
gah,,10,para
gahanAya,,denom,atma
gA,1,3,para
gA,1,2,para
gAtraya,,denom,atma
gAD,,1,atma
gArgIya,1,denom,atma
gAloqaya,,denom,atma
gAh,,1,atma
gu,1,1,atma
gu,3,1,atma
gu,4,6,para
guj,,1,para
guj,,6,para
guYj,,1,para
guq,,6,para
guRaya,,denom,para
guRAya,,denom,atma
guRW,,10,para
guRq,,10,para
gud,,1,atma
guD,,4,para
guD,,9,para
guD,,1,atma
gup,1,4,para
guP,,6,para
gumP,,6,para
gur,,6,atma
gur,,4,atma
gurd,,1,para
gurd,,10,para
gurv,2,1,para
guh,1,1,para
gUrd,,1,para
gUrd,,10,para
gUrd,,1,para
gUrD,,10,para
gf,,1,para
gfj,,1,para
gfD,,4,para
gfBAya,,denom,para
gfhaya,,denom,atma
gfhAya,2,denom,atma
gF,1,9,para
gF,2,6,para
gF,3,10,atma
gep,,1,atma
gev,,1,atma
gez,,1,atma
gehIya,,denom,para
gE,,1,para
gE,,2,para
gE,,3,para
goDAya,,denom,para
gopaya,,denom,atma
gopAya,1,denom,para
govaya,,denom,para
graT,1,9,para
graT,1,1,para
graT,2,1,atma
granT,1,9,para
granT,1,1,para
granT,2,1,atma
gras,1,1,para
grah,,9,para
grAmaya,,denom,para
gruc,,1,para
glas,,1,atma
glah,,1,atma
gluc,,1,para
gluYc,,1,para
glep,,1,atma
glev,,1,atma
glez,,1,atma
glE,,1,para
glE,,2,para
GaMz,,1,atma
GagG,,1,para
GaG,,1,para
Gaw,,1,atma
Gaww,,1,atma
Gaww,,10,para
GaR,,8,para
GaRw,,1,para
GaRw,,10,para
GanAya,,denom,atma
GanIya,,denom,para
Gamb,,1,atma
Gar,,10,para
Garb,,1,para
Gas,,1,para
GAtaya,,denom,atma
GiRR,,1,atma
Gu,1,1,atma
Guw,,6,para
Guw,,1,atma
Guq,,6,para
GuR,,6,para
GuR,,1,atma
GuRR,,1,atma
GumaGumAya,,denom,atma
Gur,,6,para
GuraGurAya,,denom,atma
GurGurAya,,denom,atma
Guz,1,1,para
Guz,2,1,para
GUr,,4,atma
GUrR,,1,para
Gf,1,3,para
Gf,1,1,para
Gf,1,10,para
Gf,2,3,para
Gf,2,5,para
Gf,2,8,para
GfRR,,1,atma
Gfz,2,1,para
Gol,,10,para
GrA,,1,para
GrA,,3,para
GrA,,2,para
Nu,,1,atma
cak,,1,para
cakAs,1,2,para
cakAs,1,1,atma
cakorAya,,denom,atma
cakk,,10,para
cakz,,2,atma
caG,,5,para
caYc,,1,para
caw,,1,para
cawulaya,,denom,para
cawulAya,,denom,atma
caR,,1,para
caRq,,1,atma
caRq,,10,atma
cat,,1,para
cad,,1,para
can,1,1,para
cand,,1,para
candrikAya,,denom,atma
cap,,1,para
cap,,10,para
cam,,1,para
cam,,5,para
camp,,10,para
camb,,1,para
cay,,1,atma
car,,1,atma
carG,,1,para
carc,,1,atma
carc,,10,atma
carb,,1,para
carv,,10,para
carv,,1,para
cal,,1,atma
caz,,1,para
cazakAya,,denom,atma
cah,,1,para
cah,,10,para
cAy,,1,atma
ci,1,5,atma
ci,2,3,atma
ci,2,5,atma
ci,3,1,para
cikk,,10,para
ciw,,1,para
cit,4,1,atma
cit,4,2,atma
cit,4,3,atma
cint,,10,para
cint,,1,para
ciraya,,denom,atma
cirAya,,denom,atma
ciri,2,5,para
cil,,6,para
cihnaya,,denom,para
cIv,,1,para
cIv,,10,para
cuw,,6,para
cuw,,10,para
cuw,,1,para
cuww,,10,para
cuq,,6,para
cuqq,,1,para
cuRw,,6,para
cuRw,,10,para
cuRw,,1,para
cuRW,,10,para
cuRq,,6,para
cuRq,,10,para
cuRq,,1,para
cud,,1,atma
cup,1,1,para
cumb,2,1,atma
cur,,10,para
cur,,1,para
cul,,10,para
culump,,1,para
cUR,,10,para
cUr,,4,para
cUr,,10,para
cUrR,,10,para
cUz,,1,para
cft,,6,para
cft,,1,para
cft,,10,para
cezw,,1,para
cyu,1,10,para
cyu,2,1,para
cyut,2,1,para
cyus,,10,para
Cad,1,1,atma
Cad,1,10,atma
Cad,3,10,atma
Cad,3,1,atma
Cam,,1,para
Cal,,10,para
Caz,,1,para
Cid,,7,atma
Cid,,9,atma
Cuw,,6,para
Cuw,,10,para
Cup,,6,para
Cur,,6,para
Cfd,,7,para
Cfd,,1,atma
Co,,4,para
Cyu,,1,atma
jaMs,,1,para
jaMs,,10,para
jakz,2,2,atma
jaNkz,,1,para
jaj,,1,para
jaYj,,1,para
jaw,,1,para
jan,,1,atma
jan,,10,atma
jan,,3,atma
jan,,4,atma
jan,,2,atma
jap,,1,atma
jaB,1,1,para
jaB,2,1,atma
jam,2,1,para
jamB,2,1,atma
jarc,,1,para
jarts,,1,para
jal,,1,para
jal,,10,para
jalp,,1,atma
jaz,,1,para
jas,,1,atma
jas,,4,para
jAgf,,2,atma
jAgf,,1,atma
ji,1,1,atma
ji,1,9,atma
jinv,,1,para
jim,,1,para
jiri,,5,para
jiz,,1,para
jIv,,1,atma
juNg,,1,para
juYc,,1,para
juYc,,10,para
juw,,6,para
juq,,6,para
juq,,10,para
jut,,1,atma
jun,,6,para
jur,1,4,para
jur,1,6,para
jul,,10,para
juz,1,6,atma
juz,1,3,para
juz,1,1,para
jU,1,1,atma
jU,1,9,para
jU,1,1,para
jUr,1,4,atma
jUr,2,4,atma
jUrv,,1,para
jUz,,1,para
jf,1,1,para
jf,2,1,atma
jfmB,,1,atma
jF,1,1,para
jF,1,4,para
jF,1,1,atma
jF,1,9,atma
jF,1,10,atma
jF,2,1,atma
jez,,1,atma
jeh,,1,atma
jE,,1,para
jYA,1,9,para
jYA,1,3,atma
jyA,1,9,para
jyA,1,4,atma
jyu,,1,atma
jyut,,1,atma
jyo,,1,atma
jri,1,1,para
jri,3,1,para
jri,3,9,para
jri,3,10,para
jrI,,1,para
jrI,,9,para
jrI,,10,para
jvar,,1,para
jval,,1,para
JagaJagAya,,denom,atma
Jaw,,1,para
JaR,,1,para
JaRaJaRAya,,denom,atma
Jam,,1,para
Jarc,,1,para
JarC,,1,para
JarJ,,1,para
Jaz,,1,atma
Ju,,1,atma
JUz,,1,para
JF,,4,para
JF,,9,para
Jyu,,1,atma
waNk,,10,para
wal,,1,para
wik,,1,atma
wip,,10,para
wIk,,1,atma
wOk,,1,atma
wval,,1,para
qap,,10,atma
qam,,1,para
qamp,,10,atma
qamb,,10,para
qamB,,10,atma
qip,,10,atma
qip,,4,para
qip,,6,para
qip,,10,para
qimp,,10,atma
qimp,,4,para
qimp,,6,para
qimp,,10,para
qI,,1,atma
qI,,4,atma
QOk,,1,atma
taMs,,1,para
tak,,2,para
tak,,1,para
takz,1,1,para
takz,1,2,atma
takz,1,5,atma
taNk,,1,para
taNg,,1,para
taYc,1,1,para
taYc,2,7,para
taw,,1,para
tawAya,,denom,atma
taq,,10,para
taRq,,1,atma
tan,1,1,para
tan,1,10,para
tan,2,4,para
tan,3,8,para
tantraya,,denom,atma
tand,,1,atma
tandr,,1,para
tap,1,4,atma
tap,2,1,atma
tap,2,4,atma
tam,,4,atma
tamb,,1,para
tay,,1,atma
tark,,10,para
tarj,,1,atma
tard,,1,para
tarb,,1,para
tal,,1,para
tal,,10,para
tavizIya,,denom,atma
tas,1,4,para
tAy,,1,atma
tik,,1,para
tik,,5,para
tig,,5,para
tiG,,5,para
tij,,1,para
tip,,1,para
tim,,4,para
timiraya,,denom,para
timirAya,,denom,atma
tiraya,,denom,para
til,1,1,para
til,2,6,para
til,2,10,para
tilakaya,,denom,para
till,,1,para
tIk,,1,atma
tIm,,4,para
tIraya,,denom,para
tIv,,1,para
tu,1,2,para
tucCaya,,denom,para
tuj,2,6,atma
tuw,,6,para
tuq,,1,para
tuq,,6,para
tuqq,,1,para
tuR,,6,para
tuRq,,1,atma
tutTaya,,denom,para
tud,1,6,para
tund,,1,para
tup,,1,para
tup,,6,para
tuP,,1,para
tuP,,6,para
tuB,,1,para
tuB,,4,para
tuB,,9,para
tump,,1,para
tump,,6,para
tumP,,1,para
tumP,,6,para
tumb,,1,para
tumb,,10,para
tur,1,6,atma
tur,1,4,atma
turv,,1,para
tul,,10,atma
tuS,1,1,atma
tuS,2,1,atma
tuz,,4,para
tus,,1,para
tuh,,1,para
tuhinaya,,denom,para
tUq,,1,para
tUR,,10,para
tUl,,1,para
tUl,,10,para
tUz,,1,para
tfkz,,1,para
tfR,,8,para
tfd,,7,atma
tfp,1,4,atma
tfp,1,5,atma
tfp,1,6,atma
tfp,1,1,atma
tfP,,6,para
tfmp,,6,para
tfmP,,6,para
tfz,1,4,atma
tfh,,7,para
tfh,,6,para
tF,,1,para
tF,,5,para
tF,,3,para
tF,,6,para
tep,,1,atma
tev,,1,atma
toq,,1,atma
tyaj,1,1,para
traMs,,1,para
traMs,,10,para
traK,,1,para
trap,,1,para
tras,1,10,para
tras,2,1,atma
tras,2,4,atma
triNK,,1,para
truw,,6,atma
truw,,4,atma
trup,,1,para
trE,,1,atma
trOk,,1,atma
tvakz,,1,para
tvaNg,,1,para
tvac,1,6,para
tvaYc,,1,para
tvaYc,,7,para
tvar,,1,para
tviz,1,1,atma
tsar,,1,para
TaraTarAya,,denom,atma
Tarv,,1,para
Tuq,,6,para
Turv,,1,para
daMS,1,1,para
daMS,1,10,para
daMS,1,10,atma
daMS,2,1,atma
daMS,2,6,atma
daMs,2,10,para
daMs,2,1,para
daMs,2,10,atma
daMh,,10,para
dakz,,1,para
daG,,5,para
daG,,4,para
daNG,,1,para
dad,,1,para
daD,,1,atma
danv,,1,para
daB,,1,atma
daB,,5,atma
dam,1,4,para
dam,1,9,atma
damadamAya,,denom,atma
damB,,1,atma
damB,,5,atma
day,,1,atma
dal,,1,para
das,,1,atma
das,,4,atma
dah,1,1,para
dA,1,3,atma
dA,1,1,atma
dA,4,4,para
dAn,,1,para
dAn,,10,para
dAy,,1,atma
dAruRAya,,denom,atma
dAS,1,1,para
dAS,1,2,para
dAS,1,5,para
dAs,1,1,para
dAs,1,5,para
dAsAya,,denom,atma
dinv,,1,para
dip,,1,atma
dimp,,10,atma
dimB,,10,atma
div,1,1,para
div,1,10,para
div,2,4,para
diS,1,3,para
dih,1,2,para
dI,1,4,para
dI,2,3,para
dI,3,4,atma
dIkz,,1,atma
dIDI,1,2,atma
dIDI,2,2,atma
dIp,,4,atma
dIrGaya,,denom,para
du,1,1,para
du,2,5,para
du,2,4,atma
duHKaya,,denom,para
duHKAya,,denom,atma
duHKIya,,denom,para
ducCunAya,,denom,atma
duD,,1,para
dundumAya,,denom,atma
durv,,1,para
dul,,10,para
duz,2,4,para
duzwIya,,denom,para
duh,1,1,para
duh,2,2,para
duh,2,6,para
duh,2,4,atma
dU,1,1,para
dU,2,5,para
dU,2,4,atma
dUraya,,denom,para
dUzaya,,denom,para
df,,6,atma
dfMh,,1,para
dfMh,,4,para
dfMh,,1,atma
dfQaya,,denom,para
dfp,1,6,para
dfp,2,4,para
dfP,1,6,para
dfB,1,1,para
dfB,1,10,para
dfB,2,6,para
dfS,,1,para
dfh,,1,para
dfh,,4,para
dfh,,1,atma
dF,,9,para
dF,,2,para
de,,1,atma
devaya,,denom,para
devAya,,denom,para
dE,,1,para
dEtyAya,,denom,atma
do,,2,para
do,,4,para
dolAya,,denom,atma
dozAya,,denom,atma
dyu,1,2,para
dyut,2,1,atma
dyE,1,1,para
draQaya,,denom,para
dram,,1,para
dravaya,,denom,atma
draviRIya,,denom,para
drA,2,2,para
drA,,1,para
drA,,2,para
drAK,,1,para
drAG,,1,atma
drANkz,,1,para
drAq,,1,atma
drAh,,1,atma
dru,1,5,para
dru,2,1,para
druq,,1,para
druq,,6,para
druR,,6,para
drumAya,,denom,atma
drumm,,1,para
druh,1,4,para
drU,1,9,para
drU,1,5,para
drUq,,1,para
drek,,1,atma
drE,,1,para
drE,,2,para
dvijAya,,denom,atma
dviz,2,2,para
dvf,,1,para
Dakk,,10,para
DaR,,1,para
Dan,1,1,para
Dan,2,3,para
DanAya,,denom,atma
DanIya,,denom,para
Danv,,1,para
Dam,,1,para
DamaDamAya,,denom,atma
DarmAya,,denom,atma
Dav,,1,atma
Davalaya,,denom,para
DavalAya,,denom,atma
DA,1,3,para
DA,1,1,para
DA,1,2,para
DA,1,4,atma
DArAya,,denom,atma
DAv,1,1,para
DAv,2,1,para
Di,1,6,para
Di,3,5,para
Dikz,,1,atma
DiyAya,,denom,atma
Diz,1,3,para
DI,1,3,atma
DI,3,4,atma
DIkz,,1,atma
DIraya,,denom,para
Dukz,,1,atma
Dunaya,,denom,para
Durv,,1,para
DU,1,5,para
DU,1,6,para
DU,1,9,para
DU,1,1,para
DU,1,2,atma
DUnaya,,denom,para
DUpaya,,denom,para
DUpAya,,denom,para
DUmaya,,denom,para
DUmAya,,denom,atma
DUmraya,,denom,para
DUr,1,4,atma
DUrv,,1,para
DUlaya,,denom,para
DUS,,10,para
DUz,,10,para
DUs,,10,para
Df,,1,para
Dfj,,1,para
DfYj,,1,para
Dfz,,5,para
Dfz,,1,para
DF,,9,para
De,,1,para
Dor,,1,para
DmA,,1,para
DyE,,1,para
Draj,,1,para
DraYj,,1,para
DraR,,1,para
Dras,,9,para
Dras,,10,para
DrA,,2,para
DrA,,1,para
Drij,,1,para
Dru,1,6,para
Dru,1,1,para
Drek,,1,atma
DrE,,1,para
DvaMs,,1,para
Dvaj,1,1,para
DvaYj,1,1,para
DvaR,,1,para
Dvan,2,1,para
DvANkz,,1,para
Dvf,,1,para
DvraR,,1,para
naMS,,1,para
nakk,,10,para
nakz,,1,para
naK,,4,para
naK,,1,para
nagarAya,,denom,atma
naNK,,4,para
naNK,,1,para
naj,,6,atma
naw,,1,para
naq,1,10,para
nad,,1,para
nand,,1,para
naB,1,1,atma
naB,1,4,para
naB,1,9,para
nam,,1,para
namb,,1,para
nay,,1,atma
narakAya,,denom,atma
nard,,1,para
narb,,1,para
narmaya,,denom,para
nal,,1,para
nal,,10,para
naS,1,1,para
naS,2,4,para
naS,2,1,para
naSAya,,denom,para
nas,2,1,atma
nah,1,4,para
nAT,,1,atma
nAD,,1,atma
nAyakAya,,denom,atma
nArAyaRAya,,denom,atma
nArIya,,denom,atma
nAlAya,,denom,atma
nAs,1,1,atma
niMs,,2,atma
nikz,,1,para
nij,,2,atma
nij,,3,para
niYj,,2,atma
nind,,1,para
ninv,,1,para
nibiqaya,,denom,para
nimnaya,,denom,para
nil,,6,para
niS,2,1,para
niz,2,1,para
nizk,,10,atma
nI,2,1,para
nIqaya,,denom,atma
nIl,,1,para
nIlAya,,denom,atma
nIv,,1,para
nu,3,1,atma
nu,4,2,para
nu,4,6,para
nuq,,6,para
nud,,6,para
nU,,2,para
nU,,6,para
nUtanaya,,denom,para
nft,1,4,para
nF,,9,para
ned,2,1,para
nedaya,,denom,para
nez,,1,atma
nyUNKaya,,denom,atma
nyUnaya,,denom,para
paMS,,1,para
paMS,,10,para
paMs,,1,para
paMs,,10,para
pakz,,1,para
pakz,,10,para
paNkaya,,denom,para
pac,1,1,para
pac,2,1,para
pac,2,4,atma
paYc,1,1,para
paw,,1,para
pawapawAya,,denom,atma
pawwAya,,denom,atma
paW,,1,para
paR,,1,atma
paRAya,,denom,atma
paRAya,,denom,atma
paRq,,1,atma
paRq,,10,para
paRq,,1,para
paRqitAya,,denom,atma
pat,1,4,atma
pat,2,1,para
patIya,1,denom,para
pattraya,,denom,para
pattrAya,,denom,atma
paT,,1,para
pad,1,1,para
pad,2,4,atma
padmAya,,denom,atma
pan,2,1,atma
panAya,,denom,atma
panT,,1,para
panT,,10,para
pamb,,1,para
pay,,1,atma
payAya,,denom,atma
parR,,10,para
parRaya,1,denom,para
pard,,1,atma
parp,,1,para
parb,,1,para
paryARaya,,denom,para
parv,,1,para
parz,,1,atma
pal,,1,para
palpUlaya,,denom,para
pall,,1,para
pallavaya,,denom,para
pav,,1,atma
pavitraya,,denom,para
paz,,1,para
paz,,10,para
pas,,1,para
pas,,10,para
pA,1,1,para
pA,1,2,atma
pA,3,2,para
pA,5,3,atma
pAwalaya,,denom,para
pARquraya,,denom,para
pAtraya,,denom,para
pAdaya,,denom,para
pApaya,,denom,atma
pApAya,,denom,atma
pAy,,1,atma
pAl,,10,para
pASaya,,denom,para
pASAya,,denom,atma
pi,1,6,para
pi,,1,atma
pi,,2,atma
pi,,3,para
piMs,,1,para
piMs,,10,para
picc,,10,para
piC,,10,para
piC,,6,para
piYj,,2,atma
piYj,,10,para
piYjaraya,,denom,para
piw,,1,para
piwwaya,,denom,para
piW,,1,para
piRq,,1,atma
piRq,,10,para
pinv,,1,para
pil,,10,para
piS,1,6,para
piSaNgaya,,denom,para
piSunaya,,denom,para
piz,,7,para
pis,,4,para
pI,1,4,atma
pI,2,1,atma
pI,2,2,atma
pI,2,3,para
pIWAya,,denom,atma
pIq,,10,para
pIqAya,,denom,atma
pIy,,1,para
pIl,,1,para
puMs,1,10,para
puC,,1,para
puYjaya,,denom,para
puw,,6,para
puw,,1,para
puw,,10,para
puww,,10,para
puq,,6,para
puq,,1,para
puR,,6,para
puR,,10,para
puRw,,10,para
puRq,,1,para
putrIya,2,denom,para
puT,,4,para
punT,,1,para
pur,2,6,para
purIzaya,,denom,para
puruzAya,,denom,atma
purv,,1,para
pul,,1,para
pul,,6,para
pul,,10,para
pulakaya,,denom,para
puz,1,4,para
puz,2,1,para
puz,2,4,para
puz,2,9,para
puzkarAya,,denom,atma
puzpAya,,denom,atma
pus,,10,para
pust,,10,para
pU,1,9,para
pU,1,1,atma
pUj,,10,para
pUj,,1,para
pUR,,10,para
pUtanAya,,denom,para
pUy,,1,para
pUrtaya,,denom,para
pUl,,1,para
pUl,,10,para
pUz,,1,para
pf,1,3,para
pf,1,9,para
pf,2,5,para
pf,2,6,atma
pfc,1,7,para
pfc,1,2,para
pfc,1,1,para
pfc,1,3,para
pfj,,2,atma
pfYj,,2,atma
pfq,,6,para
pfR,,6,para
pftanAya,,denom,para
pfT,1,10,para
pfT,2,10,para
pfz,,1,para
pfz,,1,atma
pF,,9,para
pF,,6,para
pF,,3,para
peR,,1,para
peb,,1,atma
pel,,1,para
pel,,10,para
pev,,1,atma
pez,,1,atma
pes,,1,para
pE,,1,para
pER,,1,para
poYC,,1,atma
powAya,,denom,atma
potAya,,denom,atma
pyAy,,1,atma
pyuz,,4,para
pyuz,,10,para
pyus,,4,para
pyE,,1,atma
praC,,6,para
pratIpaya,,denom,para
pratIpAya,,denom,atma
pratyakzaya,,denom,para
pratyakzAya,,denom,atma
pratyayAya,,denom,para
praT,1,1,atma
praT,2,10,para
praTaya,,denom,para
pradakziRaya,,denom,para
prabalaya,,denom,para
pramARaya,,denom,para
prarzaBIya,,denom,para
pralkArIya,,denom,para
pravaRaya,,denom,para
praSnaya,,denom,para
pras,,1,atma
prA,1,2,para
prArkzIya,,denom,para
prArzaBIya,,denom,para
prAsAdIya,1,denom,para
priyAya,,denom,atma
priyIya,,denom,para
prI,1,9,para
prI,1,4,atma
prIyAya,,denom,atma
pru,,1,atma
pruT,,1,para
pruz,1,5,para
pruz,1,10,para
pruz,1,9,para
pruz,1,4,para
pruz,3,1,para
pruzvAya,,denom,atma
prekIya,,denom,para
prez,1,1,atma
prER,,1,para
proGIya,,denom,para
proT,,1,para
plakz,,1,para
plab,,1,atma
plav,,1,atma
plih,,1,atma
plI,,9,para
plu,,1,atma
pluz,,1,para
pluz,,4,para
pluz,,9,para
pluzwAya,,denom,atma
plus,,4,para
plev,,1,atma
psA,1,2,para
Pakk,,1,para
PaR,,1,para
ParParAya,,denom,atma
Parv,,1,para
Pal,,1,para
PalAya,,denom,atma
PurAPurAya,,denom,atma
Pull,,1,para
PenAya,,denom,para
Pel,,1,para
baMh,,1,atma
bakabakAya,,denom,atma
bakAya,,denom,para
baW,,1,para
baR,,1,para
bad,,1,para
baDiraya,,denom,para
band,,1,para
banD,,9,para
banD,,1,para
banD,,4,para
baBr,,1,para
bamb,,1,para
barb,,1,para
barh,,1,atma
barh,,10,para
bal,2,1,para
bal,2,10,para
balaya,,denom,para
balAya,1,denom,atma
balh,,1,atma
balh,,10,para
bahaya,,denom,para
bAq,,1,atma
bAD,,1,atma
bAzpAya,,denom,atma
biw,,1,para
bid,,1,para
bind,,1,para
bil,,6,para
bil,,10,para
biS,,1,para
bis,,4,para
bIB,,1,atma
bukk,,1,para
bukk,,10,para
buNg,,1,para
buw,,1,para
buw,,10,para
buq,,6,para
bud,,1,para
buD,,1,para
buD,,4,atma
bund,,1,para
bunD,,10,para
bul,,10,para
bus,,4,para
bust,,10,para
bfMh,2,1,para
bfMh,4,1,para
bfMh,4,10,para
bfh,1,6,para
bfh,2,1,para
bfh,4,1,para
bfh,4,10,para
beS,,1,para
beh,,1,atma
beh,,1,para
brahm,,1,para
brahmAya,,denom,atma
brU,,2,para
blI,,9,para
BakaBakAya,,denom,atma
Bakz,,10,para
Bakz,,1,para
BaNguraya,,denom,para
Baj,,1,para
BaYj,1,7,para
BaYj,2,10,para
Baw,,1,para
Baw,,10,para
BawaBawAya,,denom,para
BaR,,1,para
BaRw,,10,para
BaRq,,1,atma
BaRq,,1,para
BaRq,,10,para
Ban,,1,para
Band,,1,atma
Barts,,10,atma
Barb,,1,para
BarB,,1,para
Barv,,1,para
Bal,,1,atma
Bal,,10,atma
Ball,,1,atma
Baz,,1,para
Bas,1,3,para
Basmasaya,,denom,para
BA,1,2,para
BAm,,1,atma
BAm,,10,para
BArAya,,denom,atma
BArgavAya,,denom,atma
BAz,1,1,atma
BAs,1,1,atma
BAsAya,,denom,atma
Bikz,,1,atma
Bid,1,7,para
Bid,1,1,para
BI,1,3,para
BI,1,1,atma
BI,1,10,para
Buj,1,6,para
Buj,3,7,para
Buj,3,6,para
BuRq,,1,atma
BU,1,1,para
BUmaya,2,denom,para
BUz,,1,para
BUzAya,,denom,atma
Bf,1,1,para
Bf,1,3,para
Bf,1,2,para
BfMS,,1,para
BfMS,,10,para
Bfkz,,1,para
BfNgAya,,denom,atma
Bfj,,1,atma
Bfq,,6,para
BfRIya,,denom,atma
BftyAya,,denom,atma
BfS,,4,para
BfS,,6,para
BfSAya,,denom,atma
BF,,9,para
Bez,,1,para
Byas,,1,atma
BraMS,,1,atma
BraMS,,4,para
Brakz,,1,para
Brajj,,6,para
BraR,,1,para
Bram,,1,para
Bram,,4,para
BramarAya,,denom,atma
BramAya,,denom,atma
BraS,,1,atma
BraS,,4,para
BrAj,1,1,atma
BrAS,,1,atma
BrAS,,4,atma
BrAs,,1,atma
BrAs,,4,atma
BrI,,9,para
Bruq,,6,para
BrUR,,10,atma
Brej,,1,atma
Brez,,1,para
Blakz,,1,para
BlAS,,1,atma
BlAS,,4,atma
maMh,,1,atma
makamakAya,,denom,atma
makk,,1,atma
makz,1,1,para
maK,,1,para
maNk,,1,atma
maNK,,1,para
maNg,,1,atma
maNG,,1,para
mac,,1,atma
majj,,6,para
maYc,,1,atma
maYj,,10,para
maYjaraya,,denom,para
maW,,1,para
maWaya,,denom,para
maR,,1,para
maRIya,,denom,atma
maRw,,10,para
maRW,,1,atma
maRq,,1,para
maRqalaya,,denom,para
maRqalAya,,denom,atma
maT,1,1,para
maT,1,9,para
maTAya,,denom,para
mad,2,4,para
mad,2,1,para
mad,2,3,para
madanAya,,denom,atma
madrAya,,denom,atma
madrikAya,,denom,atma
maDuraya,,denom,para
man,,8,atma
man,,4,atma
manAya,,denom,para
mantr,,10,atma
manT,1,1,para
manT,1,9,para
mand,1,1,atma
mandaya,,denom,para
mandarAya,,denom,para
mandAya,,denom,atma
mandraya,,denom,atma
maBr,,1,para
mamAya,,denom,atma
mamb,,1,para
may,,1,atma
marc,,10,para
marj,,1,para
marj,,6,para
marb,,1,para
marmarAya,,denom,atma
marv,,1,para
mal,,1,atma
mal,,10,para
malinaya,,denom,para
mall,,1,atma
mav,,1,para
mavy,,1,para
maS,,1,para
maz,,1,para
mas,1,4,para
masfRaya,,denom,para
mask,,1,atma
mah,1,1,para
mah,1,10,para
mahIya,,denom,atma
mA,2,3,para
mA,3,2,para
mA,3,3,atma
mA,3,4,atma
mAMsIya,,denom,para
mANkz,,1,para
mAq,,1,para
mAtaya,,denom,para
mAtrIya,,denom,atma
mAn,,1,para
mAn,,10,para
mAnT,,1,para
mArg,,1,para
mArg,,10,para
mArj,,10,para
mAlaya,1,denom,para
mAlIya,1,denom,para
mAh,,1,para
mi,1,5,para
miC,,6,para
miYj,,10,para
mitraya,,denom,para
mitrAya,,denom,atma
mitrIya,,denom,para
miT,,1,para
miTunAya,,denom,atma
mid,1,1,para
mid,2,1,atma
mid,2,4,para
mid,2,10,para
miD,,1,para
mind,2,1,atma
mind,2,4,para
mind,2,10,para
mil,,6,para
miS,,1,para
miSr,,10,para
miz,1,6,para
miz,2,1,para
mizamizAya,,denom,atma
mis,,4,para
mih,1,1,para
mI,1,9,para
mI,3,1,para
mI,3,10,para
mIm,,1,para
mIl,,1,para
mIv,1,1,para
mIv,2,1,para
mukurAya,,denom,atma
mukulaya,,denom,para
mukulAya,,denom,atma
muKaraya,,denom,para
muc,1,1,atma
muc,2,6,para
muC,,1,para
muj,,1,para
muj,,10,para
muYc,,1,para
muYc,,1,atma
muYj,,1,para
muYj,,10,para
muw,,1,para
muw,,6,para
muw,,10,para
muq,,1,para
muR,,6,para
muRw,,1,para
muRW,,1,atma
muRq,,1,para
muRq,,1,atma
muRqaya,,denom,para
mud,1,10,para
mud,2,1,atma
mudraya,,denom,para
mur,3,6,para
murC,,1,para
murmurIya,,denom,para
murv,,1,para
muz,1,1,para
muz,2,9,para
muz,2,1,para
muz,2,6,para
muzAya,,denom,para
mus,,4,para
must,,10,para
muh,1,4,para
mU,,1,atma
mUtraya,,denom,atma
mUrC,,1,para
mUl,,1,para
mUz,1,1,para
mf,,6,atma
mf,,1,para
mfkz,,1,para
mfg,,4,para
mfg,,10,atma
mfc,1,10,para
mfc,1,4,para
mfC,,6,atma
mfj,1,2,para
mfj,1,6,para
mfj,1,1,para
mfq,,6,para
mfq,,9,para
mfR,,6,para
mfd,1,9,para
mfd,1,1,para
mfD,1,1,para
mfD,1,6,para
mfS,1,6,para
mfz,1,4,para
mfz,1,1,para
mfz,3,1,para
mfzAya,,denom,atma
mF,,9,para
me,1,1,atma
meGaya,,denom,para
meGAya,,denom,para
mew,,1,para
meq,,1,para
med,1,1,para
meD,,1,para
mep,,1,para
mev,,1,atma
mezAya,,denom,atma
mEtrAya,,denom,para
mokz,,1,atma
mokz,,10,para
mokzAya,,denom,atma
moGAya,,denom,atma
mnA,,1,para
myakz,,1,para
mrakz,,1,para
mrad,,1,atma
mrit,,4,para
mruc,,1,para
mruYc,,1,para
mreq,,1,para
mlakz,,10,para
mluc,,1,para
mluYc,,1,para
mleC,,1,para
mleC,,10,para
mlew,,1,para
mleq,,1,para
mlev,,1,atma
mlE,,1,para
yakz,,1,para
yakz,,10,atma
yaj,1,1,para
yajYAya,,denom,para
yat,2,1,atma
yat,2,10,atma
yantr,,10,para
yantr,,1,para
yantraya,,denom,para
yaB,,1,para
yam,,1,para
yamAya,,denom,atma
yavaya,,denom,para
yas,,4,para
yA,1,2,para
yAc,,1,para
yAminaya,,denom,para
yu,1,3,para
yu,2,2,para
yugalAya,,denom,atma
yugAya,,denom,atma
yuNg,,1,para
yuC,,1,para
yuj,1,7,para
yut,2,1,atma
yuD,1,4,atma
yuD,1,1,para
yup,,4,para
yuzmaya,,denom,para
yUz,,1,para
yez,,1,para
yoktraya,,denom,para
yogAya,,denom,atma
yogIya,,denom,atma
yOw,,1,para
raMh,,1,para
raMh,,10,para
rak,,10,para
rakz,1,1,para
raK,,1,para
rag,,1,para
rag,,10,para
raNK,,1,para
raNg,,1,para
raNG,,1,atma
rac,,10,para
raj,,1,para
raj,,4,para
rajasaya,,denom,para
raYj,,1,para
raYj,,4,para
raw,,1,para
rawarawAya,,denom,atma
raW,,1,para
raR,1,1,para
raR,1,4,para
raR,2,1,para
raR,3,10,para
raRv,,1,para
raTirAya,,denom,para
raTIya,,denom,para
rad,,1,para
raD,,4,para
ran,1,1,para
ran,1,4,para
ranD,,4,para
ranDanAya,,denom,para
rap,,1,para
raP,,1,para
raB,,1,atma
ram,,1,atma
ramaRIya,2,denom,atma
ramP,,1,para
ramb,1,1,atma
ramb,2,1,atma
ramb,2,1,para
ramB,,1,atma
ramB,2,1,atma
ray,,1,atma
rarP,,1,para
raSanAya,,denom,atma
ras,1,1,para
ras,2,10,para
rah,,1,para
rah,,10,para
rahAya,,denom,atma
rA,1,2,para
rAK,,1,para
rAG,1,1,atma
rAj,1,1,para
rAjAya,,denom,atma
rAjIya,,denom,para
rAD,,5,para
rAD,,4,para
rAs,1,2,para
rAs,1,1,atma
ri,1,9,para
ri,1,4,para
riK,,1,para
riK,,6,para
riNK,,1,para
riNg,,1,para
ric,,7,para
ric,,1,para
ric,,4,atma
rij,,1,atma
riRv,,1,para
riP,,6,para
riB,,1,para
rimP,,6,para
riS,,6,para
riz,1,1,para
riz,1,4,para
rizwIya,,denom,para
rih,,6,para
rih,,2,para
rI,1,9,para
rI,1,4,para
rIv,,1,para
ru,1,2,para
ru,3,1,atma
ruMS,,1,para
ruMS,,10,para
ruc,1,1,atma
ruj,1,6,para
rujAya,,denom,atma
ruw,,1,atma
ruw,,10,para
ruW,,1,para
ruW,,1,atma
ruRw,,1,para
ruRW,,1,para
rud,1,2,para
ruD,1,1,para
ruD,2,7,para
rup,1,4,para
ruS,,6,para
ruz,1,1,para
ruz,1,4,para
ruh,1,1,para
rUkz,,10,para
rUp,,10,para
rUz,,1,para
rUz,,10,para
rek,,1,atma
reKAya,,denom,atma
rej,1,1,para
rew,,1,para
req,,1,atma
rep,,1,atma
reB,,1,para
reBAya,,denom,para
reL,,1,atma
rez,1,1,atma
rehAya,,denom,para
rE,1,1,para
roq,,1,para
romanTAya,,denom,para
rohAya,,denom,atma
rOw,,1,para
rOq,,1,para
lak,,10,para
lakz,,1,atma
lakz,,10,para
laK,,1,para
lag,,1,para
laGaya,,denom,para
laNg,,1,para
laNG,,1,para
laNG,,10,para
laC,,1,para
laj,1,6,atma
laj,2,1,para
laj,3,10,para
lajj,,6,atma
lajjAya,,denom,atma
laYj,1,1,para
laYj,2,10,para
law,1,1,para
laq,,1,para
laq,,10,para
laRq,,10,para
latAya,,denom,atma
lap,1,1,para
laB,,1,atma
lamb,1,1,atma
lamb,2,1,atma
lamB,,1,atma
lay,,1,atma
lard,,10,para
larb,,1,para
lal,,1,para
lalAwikAya,,denom,atma
lavaRaya,,denom,para
lavaRIya,,denom,para
lavaya,,denom,para
laS,,10,para
laz,,1,para
laz,,4,para
laz,,10,para
las,1,1,para
lA,1,2,para
lAK,,1,para
lAG,,1,atma
lAj,,1,para
lAjAya,,denom,atma
lAYC,,1,para
lAYCanAya,,denom,atma
lAYj,,1,para
lAwyAya,,denom,para
lAq,,10,para
lAB,,10,para
lAlAya,,denom,atma
liK,,6,para
liNK,,1,para
liNg,,1,para
liNg,,10,para
lip,,6,para
lip,,1,para
liS,1,4,atma
liS,1,6,para
lih,1,2,para
lI,1,9,para
lI,1,1,para
lI,1,4,atma
lInaya,,denom,para
lIlAya,,denom,atma
luYc,,1,para
luw,1,1,atma
luw,1,10,para
luw,2,1,para
luw,2,4,para
luw,2,1,atma
luw,2,10,para
luW,1,1,para
luW,1,1,atma
luW,1,10,para
luW,2,6,para
luq,,1,para
luq,,6,para
luRw,,1,para
luRw,,10,para
lunT,,1,para
lup,1,6,para
lup,1,4,para
luB,,6,para
luB,,4,para
lumb,,1,para
lumb,,10,para
lul,,1,para
luz,,1,para
luh,,1,para
lU,1,9,para
lUz,,1,para
lUz,,10,para
leKAya,,denom,para
lep,,1,atma
lelAya,,denom,atma
lER,,1,para
lok,,1,atma
loc,,1,atma
loc,,10,para
low,1,1,para
loq,1,1,para
lorAya,,denom,para
lozw,,1,atma
lozwAya,,denom,atma
lohitAya,,denom,atma
lOq,,1,para
lpI,,9,para
lyI,,9,para
lvI,,9,para
vak,2,1,atma
vakk,,1,atma
vakz,,1,para
vaK,,1,para
vaNk,2,1,atma
vaNK,,1,para
vaNg,,1,para
vaNG,,1,atma
vac,,2,para
vac,,3,para
vaj,,1,para
vaj,,10,para
vajrAya,,denom,atma
vaYc,,1,para
vaw,,1,para
vaw,,10,para
vaww,,1,para
vaW,,1,para
vaqQ,,1,para
vaR,,1,para
vaRw,,1,para
vaRw,,10,para
vaRW,,1,atma
vaRq,,1,atma
vaRq,,10,para
vatsalaya,,denom,para
vatsAya,,denom,para
vad,,1,para
van,1,1,para
van,1,8,para
vanitAya,,denom,atma
vanIya,,denom,para
vand,,1,atma
vanDyAya,,denom,atma
vap,1,1,para
vap,2,1,para
vaBr,,1,para
vam,,1,para
vay,,1,atma
vay,,1,para
vargaya,,denom,para
varc,,1,atma
varcAya,,denom,atma
varR,,10,para
varD,,10,para
varP,,1,para
varmaya,,denom,para
varmAya,,denom,atma
varh,,1,atma
varh,,10,para
val,,1,atma
valk,,10,para
valg,,1,para
valB,,1,atma
vall,,1,para
valh,,1,atma
valh,,10,para
vavraya,,denom,atma
vaS,,2,para
vaz,,1,para
vazk,,1,atma
vas,2,6,para
vas,3,10,para
vas,4,2,atma
vas,5,1,para
vas,5,10,para
vas,8,4,para
vask,,1,atma
vast,,10,atma
vastraya,,denom,para
vastrAya,,denom,atma
vasnaya,,denom,para
vah,1,1,para
vahnIya,,denom,atma
vA,2,2,para
vANkz,,1,para
vAcAlaya,,denom,para
vAcyAya,,denom,atma
vAjaya,,denom,para
vAYC,,1,para
vAt,2,10,para
vAtaya,,denom,para
vAtyAya,,denom,atma
vApyAya,,denom,para
vArIya,,denom,atma
vArttaya,,denom,para
vAvft,,4,atma
vAS,,4,atma
vAs,2,10,para
vAh,1,1,atma
vic,,7,para
viC,,10,para
vij,1,6,atma
vij,1,1,para
vij,1,3,para
viw,,1,para
viw,,1,para
viq,1,1,para
viRw,,10,para
vitaTaya,,denom,para
vitt,,10,para
viT,,1,atma
vid,1,2,para
vid,3,6,para
vid,5,7,atma
vidyutaya,,denom,atma
viD,1,6,para
viD,2,6,atma
viD,5,1,atma
viDuraya,,denom,para
vinDyAya,,denom,atma
vip,1,1,atma
vipakzaya,,denom,para
vipinAya,,denom,atma
vipulaya,,denom,para
viPalaya,,denom,para
vimuKaya,,denom,para
viralAya,,denom,para
vil,,6,para
vil,,10,para
vil,,6,para
vil,,10,para
viS,,1,para
viS,1,6,para
viSAlaya,,denom,para
viz,1,3,para
viz,1,1,para
viz,4,9,para
vizamAya,,denom,atma
vizAya,,denom,para
vizk,,10,para
vis,,4,para
vI,1,2,para
vIj,,1,para
vIr,2,10,atma
vIrAya,,denom,atma
vuRw,,10,para
vf,1,5,para
vf,1,9,para
vf,1,1,para
vf,1,5,atma
vf,1,9,atma
vf,1,1,atma
vf,2,5,para
vf,2,9,para
vfk,,1,atma
vfkAya,,denom,atma
vfkz,,1,atma
vfj,1,1,para
vfj,1,7,para
vfj,1,2,atma
vfjinAya,,denom,para
vfR,,8,para
vfR,,6,para
vft,1,1,atma
vfD,,1,atma
vfndArakAya,,denom,para
vfS,,4,para
vfz,,1,para
vfzAya,,denom,atma
vfzIya,,denom,para
vfh,1,6,para
ve,1,1,para
vekz,,10,para
vewy,,1,para
veT,,1,atma
vedApaya,,denom,para
veD,,1,atma
ven,,1,para
vel,1,1,para
vel,2,10,para
vell,,1,para
vevI,,2,atma
vezw,,1,atma
ves,,1,para
veh,,1,atma
veh,,1,para
vehAya,,denom,atma
vehl,,1,para
vE,1,1,para
vEtaMsikAya,,denom,atma
vEdyAya,,denom,atma
vErAya,,denom,atma
vyagraya,,denom,para
vyac,,6,para
vyaT,,1,atma
vyaD,,4,para
vyap,,10,para
vyay,,1,para
vyay,,10,para
vyay,2,10,para
vyarTaya,,denom,para
vyAkulaya,,denom,para
vyAjaya,,denom,para
vyADAya,,denom,atma
vyAlIya,,denom,para
vyuz,1,4,para
vyuz,1,10,para
vye,,1,para
vraj,,1,para
vraj,,10,para
vraR,1,1,para
vraR,2,1,para
vraR,2,10,para
vrataya,,denom,para
vraSc,,6,para
vrI,,9,para
vrI,,4,atma
vrIq,,1,atma
vrIq,,4,para
vrIq,,10,para
vruq,,6,para
vrUs,,1,para
vrUs,,10,para
vlI,,9,para
SaMs,,1,para
Sak,,5,para
SakawAya,,denom,para
Sakalaya,,denom,para
SakaSakAya,,denom,para
SaNk,,1,atma
Sac,,1,atma
SaYc,,1,atma
Saw,,1,para
Saw,,10,atma
SaW,1,10,atma
SaW,2,10,para
SaW,3,10,para
SaW,4,1,para
SaW,4,10,para
SaR,,1,para
SaR,,10,para
SaRq,,1,atma
Sad,2,1,atma
Sad,2,6,atma
Sap,3,1,para
Sap,3,4,para
SapaTIya,,denom,para
Sabd,,10,para
SabdAya,,denom,atma
Sam,1,4,para
SamAya,,denom,para
Samb,,1,para
Samb,,10,para
Saravyaya,,denom,para
SaravyAya,,denom,atma
SarAya,,denom,atma
Sarb,,1,para
Sarmaya,,denom,para
Sarv,,1,para
Sal,1,1,atma
Sal,1,1,para
Sal,1,10,atma
SalaBAya,,denom,para
SalB,,1,atma
Salyaya,,denom,para
SalyAya,,denom,atma
Sav,,1,para
SaS,,1,para
SaSvAya,,denom,para
Saz,,1,para
Sas,1,1,para
SAK,,1,para
SAq,,1,atma
SAntaya,,denom,para
SAl,,1,atma
SAl,,10,atma
SAs,1,2,para
Si,1,3,para
Si,1,5,para
Sikz,,1,para
SiNK,,1,para
SiNG,,1,para
SiYj,,2,atma
SiYj,,1,atma
SiYj,,10,atma
Siw,,1,para
SiTilaya,,denom,atma
SiTilAya,,denom,atma
Sim,,4,para
SirisirAya,,denom,atma
Sil,,6,para
SivIya,,denom,para
SiSiraya,,denom,para
SiSirAya,,denom,atma
Siz,1,1,para
Siz,2,7,para
SI,1,2,atma
SI,3,4,atma
SIk,,1,atma
SIkAya,,denom,atma
SIGrAya,,denom,atma
SItaya,,denom,para
SItalaya,,denom,para
SItalAya,,denom,atma
SIB,,1,atma
SIl,1,1,para
SIl,1,10,para
Su,1,1,para
Suk,,1,para
Suc,1,1,para
Suc,1,4,para
Suc,3,4,para
SucIya,,denom,atma
Sucy,2,1,para
SuW,,1,para
SuW,,10,para
SuRW,,1,para
SuRW,,10,para
SuRq,,1,para
SuD,,1,para
SuD,,4,para
Sun,,6,para
SunD,,1,para
SunD,,4,para
SuB,1,1,atma
SuB,1,6,para
SuBAya,,denom,para
SumB,2,1,para
Sulk,,10,para
Sulb,,10,para
Sulv,,10,para
Suz,1,4,para
Suz,3,6,para
SUr,,4,atma
SUr,,10,atma
SUrp,,10,para
SUl,,1,para
SUl,,4,para
SUz,,1,para
SfNKalaya,,denom,para
SfNgAya,,denom,atma
SfNgArIya,,denom,para
SfD,,1,para
SF,,9,para
SeKaraya,,denom,para
SeKarAya,,denom,atma
Sel,,1,para
SelAya,,denom,para
Sev,,1,atma
SEvAlIya,,denom,para
So,,3,para
So,,4,para
SoR,,1,para
SoRAya,,denom,atma
SoBAya,,denom,atma
SOw,,1,para
Scut,1,1,para
SnaT,,1,para
SmIl,,1,para
SyAmAya,,denom,atma
SyAvaya,,denom,para
SyE,,1,para
SraNk,,1,atma
SraNk,,1,atma
SraNg,,1,para
SraNg,,1,para
SraR,,1,para
SraR,,10,para
SraT,,9,para
SranT,,9,para
Sram,1,4,para
SramaRAya,,denom,atma
SramB,,1,atma
SrA,,1,para
SrA,,4,para
SrA,,2,para
SrApaya,,denom,para
Sri,1,1,para
Sriz,1,1,para
SrI,1,9,para
Sru,1,5,para
SrE,,1,para
SrE,,4,para
SrE,,2,para
SroR,,1,para
SroR,,1,para
SlakzRaya,,denom,para
SlaNk,,1,atma
SlaNg,,1,para
SlaT,,1,para
SlaTAya,,denom,atma
SlAK,,1,para
SlAG,,1,atma
Sliz,1,1,para
Sliz,2,4,para
Slok,,1,atma
Slokaya,,denom,para
SloR,,1,para
SvaNk,,1,atma
SvaNg,,1,para
Svac,,1,atma
Svaj,,1,atma
SvaYc,,1,atma
SvaYj,,1,atma
SvaW,1,10,para
SvaW,2,10,para
SvaRW,2,10,para
SvaBr,,10,para
SvaBrIya,,denom,para
Sval,,1,para
Svalk,,10,para
Svall,,1,para
Svas,1,2,para
SvAtr,,1,para
Svi,,1,para
Svit,1,1,atma
Svind,,1,atma
Svetaya,,denom,para
SvetAya,,denom,atma
zaww,,10,para
zaRQaya,,denom,para
zaRQIya,,denom,para
zazk,,1,para
zukk,,1,atma
zoqIya,,denom,para
zWiv,,1,para
zWiv,,4,para
zWIv,,1,para
zWIv,,4,para
zvakk,,1,atma
zvazk,,1,para
zvazk,,1,atma
saMkawAya,,denom,atma
saMketaya,,denom,para
saMguRaya,,denom,para
saMDyAya,,denom,atma
sakalaya,,denom,para
sakz,,1,para
saKIya,,denom,para
sag,,1,para
saG,,5,para
sac,1,1,atma
saj,2,1,para
sajj,1,1,para
sajj,1,1,para
sajjaya,,denom,atma
sajjIya,,denom,atma
saYj,1,1,para
saYj,2,1,para
saw,,1,para
saww,,10,para
saW,1,10,para
sattraya,,denom,atma
sattrApaya,,denom,atma
sattrAya,,denom,atma
satyApaya,,denom,para
satr,,10,atma
sad,2,1,para
sad,2,6,para
san,1,1,para
san,1,8,para
sanAya,,denom,para
sap,1,1,para
sapiRqaya,,denom,para
saPalaya,,denom,para
saBAj,,10,para
sam,1,1,para
sam,1,10,para
samagraya,,denom,para
samaya,1,denom,para
samAnaya,,denom,para
samIya,1,denom,atma
samudrAya,,denom,atma
say,,1,atma
saraya,,denom,atma
saralaya,,denom,para
saralAya,,denom,atma
sarasarAya,,denom,atma
sarj,1,1,para
sarj,2,1,para
sarpAya,,denom,atma
sarb,,1,para
sarzapAya,,denom,atma
sal,,1,para
sas,,2,para
sah,1,1,atma
sah,3,4,para
sAkz,,1,para
sAgarAya,,denom,atma
sAw,,10,para
sAD,1,1,para
sADaya,,denom,para
sAntv,,10,para
sAmaya,1,10,para
sAyakAya,,denom,atma
sAraya,,denom,para
si,1,5,para
si,1,9,para
siMhAya,,denom,atma
sic,1,6,para
siw,,1,para
siD,1,1,para
siD,2,1,para
siD,3,4,para
siprAya,,denom,atma
simasimAya,,denom,atma
simisimAya,,denom,atma
sil,,6,para
siv,,4,para
sImantaya,,denom,para
su,1,1,para
su,2,1,para
su,2,2,para
su,3,5,para
suK,,10,para
suK,,4,para
suKAya,,denom,atma
suww,,10,para
sutIya,,denom,para
suDaya,,denom,para
suB,,9,para
suB,,6,para
suB,,1,para
sumnaya,,denom,para
sumnAya,,denom,para
sur,,6,para
sur,,10,para
suraBaya,,denom,para
suzvaya,,denom,atma
suh,,4,para
sU,1,6,para
sU,2,2,atma
sUc,,10,para
sUtr,,10,para
sUd,1,1,atma
sUr,,4,atma
sUr,,10,atma
sUrkz,,1,para
sUrkzy,,1,para
sUz,,1,para
sf,,1,para
sf,,3,para
sf,,10,para
sfj,1,6,para
sfp,,1,para
sfB,,1,para
sfmB,,1,para
sF,,9,para
sek,,1,atma
senaya,,denom,para
sev,,1,atma
sE,,1,para
so,1,4,para
sowAya,,denom,atma
soQAya,,denom,atma
sODAya,,denom,atma
skand,,1,para
skanD,,10,para
skaB,,5,para
skaB,,9,para
skaB,,1,atma
skamB,,5,para
skamB,,9,para
skamB,,1,atma
sku,,5,para
sku,,9,para
skund,,1,atma
skumB,,5,para
skumB,,9,para
sKad,,1,atma
sKal,,1,para
stak,,1,para
stan,,1,para
stabakaya,,denom,para
staB,,5,para
staB,,9,para
staB,,1,atma
stam,1,1,para
stam,1,10,para
stambakAya,,denom,atma
stamB,,5,para
stamB,,9,para
stamB,,1,atma
stiG,,5,para
stip,,1,atma
stim,,4,para
stimitaya,,denom,para
stIm,,4,para
stu,1,2,para
stuc,,1,atma
stuB,1,1,para
stuB,1,1,atma
stumB,,5,para
stumB,,9,para
stUp,,4,para
stUp,,10,para
stf,1,5,para
stf,1,9,para
stfkz,,1,para
stfh,,6,para
stF,1,5,para
stF,1,9,para
stFh,,6,para
sten,,10,para
step,,1,atma
step,,10,para
stE,,1,para
stotraya,,denom,para
stomaya,,denom,para
styE,,1,para
styE,,1,atma
strIya,,denom,para
sTag,,1,para
sTapuwaya,,denom,para
sTal,,1,para
sTalaya,,denom,para
sTalAya,,denom,atma
sTalIya,1,denom,para
sTavirAya,,denom,atma
sTA,1,1,para
sTir,,1,para
sTiraya,,denom,para
sTirAya,,denom,para
sTuq,,6,para
sTUl,,10,atma
snA,1,2,para
snA,1,4,para
sniw,,10,para
snih,1,4,para
snih,1,1,para
snih,1,10,para
snu,1,2,para
snuc,,1,atma
snus,,4,para
snuh,1,4,para
snE,,1,para
spand,,1,atma
sparD,,1,atma
sparz,,1,atma
spaS,3,1,para
spaS,4,10,para
spazwaya,,denom,para
spf,1,5,para
spfD,,1,atma
spfS,1,6,para
spfh,1,10,para
spF,,9,para
sPaw,,1,para
sPaw,,10,para
sPaRq,,10,para
sPar,,6,para
sPal,,1,para
sPAy,,1,atma
sPiw,,10,para
sPiww,,10,para
sPuw,,6,para
sPuw,,1,para
sPuww,,10,para
sPuq,,6,para
sPuRw,,1,para
sPuRw,,10,para
sPuRq,,1,atma
sPuRq,,10,para
sPur,1,6,para
sPul,,6,para
sPuliNgAya,,denom,atma
sPUrC,,1,para
sPUrj,,1,para
smi,,1,atma
smiw,,10,para
smf,2,1,para
syad,,1,atma
syand,,1,atma
syam,,1,para
syam,,10,para
syam,,10,atma
sraMs,1,1,atma
sraMh,,1,atma
srajaya,,denom,para
sras,1,1,atma
sriD,1,1,para
sriB,,1,para
srimB,,1,para
sriv,,4,para
srIv,,4,para
sru,,1,para
srucaya,,denom,para
srek,,1,atma
srOGnIya,,denom,atma
svaNg,,1,para
svaj,,1,atma
svaYj,,1,atma
svad,,1,atma
svaDaya,,denom,para
svan,1,1,para
svap,1,2,para
svapnAya,,denom,atma
svar,1,10,para
svar,2,1,para
svargaya,,denom,atma
svard,,1,atma
svAd,,1,atma
svApakIya,,denom,para
svApaya,,denom,para
svAya,,denom,atma
svid,2,1,atma
svf,,1,para
haMsAya,,denom,atma
hakkaya,,denom,para
haw,,1,para
haW,,1,para
had,,1,para
han,1,2,para
hananIya,2,denom,para
hamBAya,,denom,atma
hamm,,1,para
hay,,1,para
hariRAya,,denom,atma
haritAya,,denom,atma
hary,,1,para
harzAya,,denom,atma
hal,1,1,para
halaya,,denom,para
has,1,1,para
hA,2,3,atma
hA,3,3,para
hArAya,,denom,atma
hi,1,5,para
hiMs,1,1,para
hiMs,1,7,para
hiMs,1,10,para
hikk,,1,para
hiRq,,1,atma
hitAya,,denom,atma
hindolaya,,denom,para
himAya,,denom,atma
hil,,6,para
hillolaya,,denom,para
hu,1,3,para
huq,,6,para
huq,,1,para
huRq,,1,atma
hurC,,1,para
hul,,1,para
hUq,,1,para
hUrC,,1,para
hf,1,1,para
hf,2,9,atma
hfRIya,,denom,atma
hfz,,1,para
hfz,,4,para
hF,2,9,atma
hew,,1,para
hew,,9,para
heW,,1,para
heW,,9,para
heW,,9,para
heq,,1,atma
heq,,1,para
heQ,,9,para
hemAya,,denom,atma
heL,,1,atma
heL,,1,para
hez,1,1,atma
hezAya,,denom,atma
hoq,,1,atma
hnu,,2,atma
hmal,,1,para
hrag,,1,para
hras,,1,para
hrAd,,1,atma
hriRIya,,denom,atma
hrI,1,3,para
hrIC,,1,para
hru,,9,para
hruq,,1,para
hrUq,,1,para
hrep,,1,atma
hrez,,1,atma
hrOq,,1,para
hlag,,1,atma
hlap,,10,para
hlas,,1,para
hlAd,,1,atma
hval,,1,para
hvAyakIya,,denom,para
hvf,,1,para
hvF,,1,para
hve,,1,para
