stem,stem_genders,form,form_gender,case,number
akzi,n,akzi,n,1,s
akzi,n,akzinI,n,1,d
akzi,n,akzIni,n,1,p
akzi,n,akzi,n,2,s
akzi,n,akzinI,n,2,d
akzi,n,akzIni,n,2,p
akzi,n,akzRA,n,3,s
akzi,n,akziByAm,n,3,d
akzi,n,akziBis,n,3,p
akzi,n,akzRe,n,4,s
akzi,n,akziByAm,n,4,d
akzi,n,akziByas,n,4,p
akzi,n,akzRas,n,5,s
akzi,n,akziByAm,n,5,d
akzi,n,akziByas,n,5,p
akzi,n,akzRas,n,6,s
akzi,n,akzRos,n,6,d
akzi,n,akzRAm,n,6,p
akzi,n,akzRi,n,7,s
akzi,n,akzaRi,n,7,s
akzi,n,akzRos,n,7,d
akzi,n,akzizu,n,7,p
akzi,n,akze,n,8,s
akzi,n,akzi,n,8,s
akzi,n,akzinI,n,8,d
akzi,n,akzIni,n,8,p
anaquh,m,anaqvAn,m,1,s
anaquh,m,anaqvAhO,m,1,d
anaquh,m,anaqvAhas,m,1,p
anaquh,m,anaqvAham,m,2,s
anaquh,m,anaqvAhO,m,2,d
anaquh,m,anaquhas,m,2,p
anaquh,m,anaquhA,m,3,s
anaquh,m,anaqudByAm,m,3,d
anaquh,m,anaqudBis,m,3,p
anaquh,m,anaquhe,m,4,s
anaquh,m,anaqudByAm,m,4,d
anaquh,m,anaqudByas,m,4,p
anaquh,m,anaquhas,m,5,s
anaquh,m,anaqudByAm,m,5,d
anaquh,m,anaqudByas,m,5,p
anaquh,m,anaquhas,m,6,s
anaquh,m,anaquhos,m,6,d
anaquh,m,anaquhAm,m,6,p
anaquh,m,anaquhi,m,7,s
anaquh,m,anaquhos,m,7,d
anaquh,m,anaqutsu,m,7,p
anaquh,m,anaqvan,m,8,s
anaquh,m,anaqvAhO,m,8,d
anaquh,m,anaqvAhas,m,8,p
atisaKi,m,atisaKA,m,1,s
atisaKi,m,atisaKAyO,m,1,d
atisaKi,m,atisaKAyas,m,1,p
atisaKi,m,atisaKAyam,m,2,s
atisaKi,m,atisaKAyO,m,2,d
atisaKi,m,atisaKIn,m,2,p
atisaKi,m,atisaKinA,m,3,s
atisaKi,m,atisaKiByAm,m,3,d
atisaKi,m,atisaKiBis,m,3,p
atisaKi,m,atisaKaye,m,4,s
atisaKi,m,atisaKiByAm,m,4,d
atisaKi,m,atisaKiByas,m,4,p
atisaKi,m,atisaKes,m,5,s
atisaKi,m,atisaKiByAm,m,5,d
atisaKi,m,atisaKiByas,m,5,p
atisaKi,m,atisaKes,m,6,s
atisaKi,m,atisaKyos,m,6,d
atisaKi,m,atisaKInAm,m,6,p
atisaKi,m,atisaKO,m,7,s
atisaKi,m,atisaKyos,m,7,d
atisaKi,m,atisaKIzu,m,7,p
atisaKi,m,atisaKe,m,8,s
atisaKi,m,atisaKAyO,m,8,d
atisaKi,m,atisaKAyas,m,8,p
aryaman,m,aryamA,m,1,s
aryaman,m,aryamaRO,m,1,d
aryaman,m,aryamaRas,m,1,p
aryaman,m,aryamaRam,m,2,s
aryaman,m,aryamaRO,m,2,d
aryaman,m,aryamRas,m,2,p
aryaman,m,aryamRA,m,3,s
aryaman,m,aryamaByAm,m,3,d
aryaman,m,aryamaBis,m,3,p
aryaman,m,aryamRe,m,4,s
aryaman,m,aryamaByAm,m,4,d
aryaman,m,aryamaByas,m,4,p
aryaman,m,aryamRas,m,5,s
aryaman,m,aryamaByAm,m,5,d
aryaman,m,aryamaByas,m,5,p
aryaman,m,aryamRas,m,6,s
aryaman,m,aryamRos,m,6,d
aryaman,m,aryamRAm,m,6,p
aryaman,m,aryamRi,m,7,s
aryaman,m,aryamaRi,m,7,s
aryaman,m,aryamRos,m,7,d
aryaman,m,aryamasu,m,7,p
aryaman,m,aryaman,m,8,s
aryaman,m,aryamaRO,m,8,d
aryaman,m,aryamaRas,m,8,p
asTi,n,asTi,n,1,s
asTi,n,asTinI,n,1,d
asTi,n,asTIni,n,1,p
asTi,n,asTi,n,2,s
asTi,n,asTinI,n,2,d
asTi,n,asTIni,n,2,p
asTi,n,asTnA,n,3,s
asTi,n,asTiByAm,n,3,d
asTi,n,asTiBis,n,3,p
asTi,n,asTne,n,4,s
asTi,n,asTiByAm,n,4,d
asTi,n,asTiByas,n,4,p
asTi,n,asTnas,n,5,s
asTi,n,asTiByAm,n,5,d
asTi,n,asTiByas,n,5,p
asTi,n,asTnas,n,6,s
asTi,n,asTnos,n,6,d
asTi,n,asTnAm,n,6,p
asTi,n,asTni,n,7,s
asTi,n,asTani,n,7,s
asTi,n,asTnos,n,7,d
asTi,n,asTizu,n,7,p
asTi,n,asTe,n,8,s
asTi,n,asTi,n,8,s
asTi,n,asTinI,n,8,d
asTi,n,asTIni,n,8,p
fBukSin,m,fBukSAs,m,1,s
fBukSin,m,fBukSARO,m,1,d
fBukSin,m,fBukSARas,m,1,p
fBukSin,m,fBukSARam,m,2,s
fBukSin,m,fBukSAnO,m,2,d
fBukSin,m,fBukSas,m,2,p
fBukSin,m,fBukSA,m,3,s
fBukSin,m,fBukSiByAm,m,3,d
fBukSin,m,fBukSiBis,m,3,p
fBukSin,m,fBukSe,m,4,s
fBukSin,m,fBukSiByAm,m,4,d
fBukSin,m,fBukSiByas,m,4,p
fBukSin,m,fBukSas,m,5,s
fBukSin,m,fBukSiByAm,m,5,d
fBukSin,m,fBukSiByas,m,5,p
fBukSin,m,fBukSas,m,6,s
fBukSin,m,fBukSos,m,6,d
fBukSin,m,fBukSAm,m,6,p
fBukSin,m,fBukSi,m,7,s
fBukSin,m,fBukSos,m,7,d
fBukSin,m,fBukSizu,m,7,p
fBukSin,m,fBukSAs,m,8,s
fBukSin,m,fBukSARO,m,8,d
fBukSin,m,fBukSARas,m,8,p
krozwu,m,krozwA,m,1,s
krozwu,m,krozwArO,m,1,d
krozwu,m,krozwAras,m,1,p
krozwu,m,krozwAram,m,2,s
krozwu,m,krozwArO,m,2,d
krozwu,m,krozwUn,m,2,p
krozwu,m,krozwrA,m,3,s
krozwu,m,krozwunA,m,3,s
krozwu,m,krozwuByAm,m,3,d
krozwu,m,krozwuBis,m,3,p
krozwu,m,krozwre,m,4,s
krozwu,m,krozwave,m,4,s
krozwu,m,krozwuByAm,m,4,d
krozwu,m,krozwuByas,m,4,p
krozwu,m,krozwus,m,5,s
krozwu,m,krozwos,m,5,s
krozwu,m,krozwuByAm,m,5,d
krozwu,m,krozwuByas,m,5,p
krozwu,m,krozwus,m,6,s
krozwu,m,krozwos,m,6,s
krozwu,m,krozwros,m,6,d
krozwu,m,krozwvos,m,6,d
krozwu,m,krozwUnAm,m,6,p
krozwu,m,krozwari,m,7,s
krozwu,m,krozwO,m,7,s
krozwu,m,krozwros,m,7,d
krozwu,m,krozwvos,m,7,d
krozwu,m,krozwuzu,m,7,p
krozwu,m,krozwo,m,8,s
krozwu,m,krozwArO,m,8,d
krozwu,m,krozwAras,m,8,p
jAmAtf,m,jAmAtA,m,1,s
jAmAtf,m,jAmAtarO,m,1,d
jAmAtf,m,jAmAtaras,m,1,p
jAmAtf,m,jAmAtaram,m,2,s
jAmAtf,m,jAmAtarO,m,2,d
jAmAtf,m,jAmAtFn,m,2,p
jAmAtf,m,jAmAtrA,m,3,s
jAmAtf,m,jAmAtfByAm,m,3,d
jAmAtf,m,jAmAtfBis,m,3,p
jAmAtf,m,jAmAtre,m,4,s
jAmAtf,m,jAmAtfByAm,m,4,d
jAmAtf,m,jAmAtfByas,m,4,p
jAmAtf,m,jAmAtus,m,5,s
jAmAtf,m,jAmAtfByAm,m,5,d
jAmAtf,m,jAmAtfByas,m,5,p
jAmAtf,m,jAmAtus,m,6,s
jAmAtf,m,jAmAtros,m,6,d
jAmAtf,m,jAmAtFRAm,m,6,p
jAmAtf,m,jAmAtari,m,7,s
jAmAtf,m,jAmAtros,m,7,d
jAmAtf,m,jAmAtfzu,m,7,p
jAmAtf,m,jAmAtar,m,8,s
jAmAtf,m,jAmAtarO,m,8,d
jAmAtf,m,jAmAtaras,m,8,p
turAsAh,m,turAzAh,m,1,s
turAsAh,m,turAsAhO,m,1,d
turAsAh,m,turAsAhas,m,1,p
turAsAh,m,turAsAham,m,2,s
turAsAh,m,turAsAhO,m,2,d
turAsAh,m,turAsAhas,m,2,p
turAsAh,m,turAsAhA,m,3,s
turAsAh,m,turAzAqByAm,m,3,d
turAsAh,m,turAsAqBis,m,3,p
turAsAh,m,turAsAhe,m,4,s
turAsAh,m,turAzAqByAm,m,4,d
turAsAh,m,turAzAqByas,m,4,p
turAsAh,m,turAsAhas,m,5,s
turAsAh,m,turAzAqByAm,m,5,d
turAsAh,m,turAzAqByas,m,5,p
turAsAh,m,turAsAhas,m,6,s
turAsAh,m,turAsAhos,m,6,d
turAsAh,m,turAsAhAm,m,6,p
turAsAh,m,turAsAhi,m,7,s
turAsAh,m,turAsAhos,m,7,d
turAsAh,m,turAzAwzu,m,7,p
turAsAh,m,turAzAh,m,8,s
turAsAh,m,turAsAhO,m,8,d
turAsAh,m,turAsAhas,m,8,p
daDi,n,daDi,n,1,s
daDi,n,daDinI,n,1,d
daDi,n,daDIni,n,1,p
daDi,n,daDi,n,2,s
daDi,n,daDinI,n,2,d
daDi,n,daDIni,n,2,p
daDi,n,daDnA,n,3,s
daDi,n,daDiByAm,n,3,d
daDi,n,daDiBis,n,3,p
daDi,n,daDne,n,4,s
daDi,n,daDiByAm,n,4,d
daDi,n,daDiByas,n,4,p
daDi,n,daDnas,n,5,s
daDi,n,daDiByAm,n,5,d
daDi,n,daDiByas,n,5,p
daDi,n,daDnas,n,6,s
daDi,n,daDnos,n,6,d
daDi,n,daDnAm,n,6,p
daDi,n,daDni,n,7,s
daDi,n,daDani,n,7,s
daDi,n,daDnos,n,7,d
daDi,n,daDizu,n,7,p
daDi,n,daDe,n,8,s
daDi,n,daDi,n,8,s
daDi,n,daDinI,n,8,d
daDi,n,daDIni,n,8,p
duhitf,f,duhitA,f,1,s
duhitf,f,duhitarO,f,1,d
duhitf,f,duhitaras,f,1,p
duhitf,f,duhitaram,f,2,s
duhitf,f,duhitarO,f,2,d
duhitf,f,duhitFs,f,2,p
duhitf,f,duhitrA,f,3,s
duhitf,f,duhitfByAm,f,3,d
duhitf,f,duhitfBis,f,3,p
duhitf,f,duhitre,f,4,s
duhitf,f,duhitfByAm,f,4,d
duhitf,f,duhitfByas,f,4,p
duhitf,f,duhitus,f,5,s
duhitf,f,duhitfByAm,f,5,d
duhitf,f,duhitfByas,f,5,p
duhitf,f,duhitus,f,6,s
duhitf,f,duhitros,f,6,d
duhitf,f,duhitFRAm,f,6,p
duhitf,f,duhitari,f,7,s
duhitf,f,duhitros,f,7,d
duhitf,f,duhitfzu,f,7,p
duhitf,f,duhitar,f,8,s
duhitf,f,duhitarO,f,8,d
duhitf,f,duhitaras,f,8,p
devf,m,devA,m,1,s
devf,m,devarO,m,1,d
devf,m,devaras,m,1,p
devf,m,devaram,m,2,s
devf,m,devarO,m,2,d
devf,m,devFn,m,2,p
devf,m,devrA,m,3,s
devf,m,devfByAm,m,3,d
devf,m,devfBis,m,3,p
devf,m,devre,m,4,s
devf,m,devfByAm,m,4,d
devf,m,devfByas,m,4,p
devf,m,devus,m,5,s
devf,m,devfByAm,m,5,d
devf,m,devfByas,m,5,p
devf,m,devus,m,6,s
devf,m,devros,m,6,d
devf,m,devFRAm,m,6,p
devf,m,devari,m,7,s
devf,m,devros,m,7,d
devf,m,devfzu,m,7,p
devf,m,devar,m,8,s
devf,m,devarO,m,8,d
devf,m,devaras,m,8,p
nanandf,f,nanandA,f,1,s
nanandf,f,nanandarO,f,1,d
nanandf,f,nanandaras,f,1,p
nanandf,f,nanandaram,f,2,s
nanandf,f,nanandarO,f,2,d
nanandf,f,nanandFs,f,2,p
nanandf,f,nanandrA,f,3,s
nanandf,f,nanandfByAm,f,3,d
nanandf,f,nanandfBis,f,3,p
nanandf,f,nanandre,f,4,s
nanandf,f,nanandfByAm,f,4,d
nanandf,f,nanandfByas,f,4,p
nanandf,f,nanandus,f,5,s
nanandf,f,nanandfByAm,f,5,d
nanandf,f,nanandfByas,f,5,p
nanandf,f,nanandus,f,6,s
nanandf,f,nanandros,f,6,d
nanandf,f,nanandFRAm,f,6,p
nanandf,f,nanandari,f,7,s
nanandf,f,nanandros,f,7,d
nanandf,f,nanandfzu,f,7,p
nanandf,f,nanandar,f,8,s
nanandf,f,nanandarO,f,8,d
nanandf,f,nanandaras,f,8,p
nanAndf,f,nanAndA,f,1,s
nanAndf,f,nanAndarO,f,1,d
nanAndf,f,nanAndaras,f,1,p
nanAndf,f,nanAndaram,f,2,s
nanAndf,f,nanAndarO,f,2,d
nanAndf,f,nanAndFs,f,2,p
nanAndf,f,nanAndrA,f,3,s
nanAndf,f,nanAndfByAm,f,3,d
nanAndf,f,nanAndfBis,f,3,p
nanAndf,f,nanAndre,f,4,s
nanAndf,f,nanAndfByAm,f,4,d
nanAndf,f,nanAndfByas,f,4,p
nanAndf,f,nanAndus,f,5,s
nanAndf,f,nanAndfByAm,f,5,d
nanAndf,f,nanAndfByas,f,5,p
nanAndf,f,nanAndus,f,6,s
nanAndf,f,nanAndros,f,6,d
nanAndf,f,nanAndFRAm,f,6,p
nanAndf,f,nanAndari,f,7,s
nanAndf,f,nanAndros,f,7,d
nanAndf,f,nanAndfzu,f,7,p
nanAndf,f,nanAndar,f,8,s
nanAndf,f,nanAndarO,f,8,d
nanAndf,f,nanAndaras,f,8,p
nf,m,nA,m,1,s
nf,m,narO,m,1,d
nf,m,naras,m,1,p
nf,m,naram,m,2,s
nf,m,narO,m,2,d
nf,m,nFn,m,2,p
nf,m,nrA,m,3,s
nf,m,nfByAm,m,3,d
nf,m,nfBis,m,3,p
nf,m,nre,m,4,s
nf,m,nfByAm,m,4,d
nf,m,nfByas,m,4,p
nf,m,nus,m,5,s
nf,m,nfByAm,m,5,d
nf,m,nfByas,m,5,p
nf,m,nus,m,6,s
nf,m,nros,m,6,d
nf,m,nfRAm,m,6,p
nf,m,nFRAm,m,6,p
nf,m,nari,m,7,s
nf,m,nros,m,7,d
nf,m,nfzu,m,7,p
nf,m,nar,m,8,s
nf,m,narO,m,8,d
nf,m,naras,m,8,p
pati,m,patis,m,1,s
pati,m,patI,m,1,d
pati,m,patayas,m,1,p
pati,m,patim,m,2,s
pati,m,patI,m,2,d
pati,m,patIn,m,2,p
pati,m,patyA,m,3,s
pati,m,patiByAm,m,3,d
pati,m,patiBis,m,3,p
pati,m,patye,m,4,s
pati,m,patiByAm,m,4,d
pati,m,patiByas,m,4,p
pati,m,patyus,m,5,s
pati,m,patiByAm,m,5,d
pati,m,patiByas,m,5,p
pati,m,patyus,m,6,s
pati,m,patyos,m,6,d
pati,m,patInAm,m,6,p
pati,m,patyO,m,7,s
pati,m,patyos,m,7,d
pati,m,patizu,m,7,p
pati,m,pate,m,8,s
pati,m,patI,m,8,d
pati,m,patayas,m,8,p
paTin,m,panTAs,m,1,s
paTin,m,panTAnO,m,1,d
paTin,m,panTAnas,m,1,p
paTin,m,panTAnam,m,2,s
paTin,m,panTAnO,m,2,d
paTin,m,paTas,m,2,p
paTin,m,paTA,m,3,s
paTin,m,paTiByAm,m,3,d
paTin,m,paTiBis,m,3,p
paTin,m,paTe,m,4,s
paTin,m,paTiByAm,m,4,d
paTin,m,paTiByas,m,4,p
paTin,m,paTas,m,5,s
paTin,m,paTiByAm,m,5,d
paTin,m,paTiByas,m,5,p
paTin,m,paTas,m,6,s
paTin,m,paTos,m,6,d
paTin,m,paTAm,m,6,p
paTin,m,paTi,m,7,s
paTin,m,paTos,m,7,d
paTin,m,paTizu,m,7,p
paTin,m,panTAs,m,8,s
paTin,m,panTAnO,m,8,d
paTin,m,panTAnas,m,8,p
paramasaKi,m,paramasaKA,m,1,s
paramasaKi,m,paramasaKAyO,m,1,d
paramasaKi,m,paramasaKAyas,m,1,p
paramasaKi,m,paramasaKAyam,m,2,s
paramasaKi,m,paramasaKAyO,m,2,d
paramasaKi,m,paramasaKIn,m,2,p
paramasaKi,m,paramasaKinA,m,3,s
paramasaKi,m,paramasaKiByAm,m,3,d
paramasaKi,m,paramasaKiBis,m,3,p
paramasaKi,m,paramasaKaye,m,4,s
paramasaKi,m,paramasaKiByAm,m,4,d
paramasaKi,m,paramasaKiByas,m,4,p
paramasaKi,m,paramasaKes,m,5,s
paramasaKi,m,paramasaKiByAm,m,5,d
paramasaKi,m,paramasaKiByas,m,5,p
paramasaKi,m,paramasaKes,m,6,s
paramasaKi,m,paramasaKyos,m,6,d
paramasaKi,m,paramasaKInAm,m,6,p
paramasaKi,m,paramasaKO,m,7,s
paramasaKi,m,paramasaKyos,m,7,d
paramasaKi,m,paramasaKIzu,m,7,p
paramasaKi,m,paramasaKe,m,8,s
paramasaKi,m,paramasaKAyO,m,8,d
paramasaKi,m,paramasaKAyas,m,8,p
pitf,m,pitA,m,1,s
pitf,m,pitarO,m,1,d
pitf,m,pitaras,m,1,p
pitf,m,pitaram,m,2,s
pitf,m,pitarO,m,2,d
pitf,m,pitFn,m,2,p
pitf,m,pitrA,m,3,s
pitf,m,pitfByAm,m,3,d
pitf,m,pitfBis,m,3,p
pitf,m,pitre,m,4,s
pitf,m,pitfByAm,m,4,d
pitf,m,pitfByas,m,4,p
pitf,m,pitus,m,5,s
pitf,m,pitfByAm,m,5,d
pitf,m,pitfByas,m,5,p
pitf,m,pitus,m,6,s
pitf,m,pitros,m,6,d
pitf,m,pitFRAm,m,6,p
pitf,m,pitari,m,7,s
pitf,m,pitros,m,7,d
pitf,m,pitfzu,m,7,p
pitf,m,pitar,m,8,s
pitf,m,pitarO,m,8,d
pitf,m,pitaras,m,8,p
pUzan,m,pUzA,m,1,s
pUzan,m,pUzaRO,m,1,d
pUzan,m,pUzaRas,m,1,p
pUzan,m,pUzaRam,m,2,s
pUzan,m,pUzaRO,m,2,d
pUzan,m,pUzRas,m,2,p
pUzan,m,pUzRA,m,3,s
pUzan,m,pUzaByAm,m,3,d
pUzan,m,pUzaBis,m,3,p
pUzan,m,pUzRe,m,4,s
pUzan,m,pUzaByAm,m,4,d
pUzan,m,pUzaByas,m,4,p
pUzan,m,pUzRas,m,5,s
pUzan,m,pUzaByAm,m,5,d
pUzan,m,pUzaByas,m,5,p
pUzan,m,pUzRas,m,6,s
pUzan,m,pUzRos,m,6,d
pUzan,m,pUzRAm,m,6,p
pUzan,m,pUzRi,m,7,s
pUzan,m,pUzaRi,m,7,s
pUzan,m,pUzRos,m,7,d
pUzan,m,pUzasu,m,7,p
pUzan,m,pUzan,m,8,s
pUzan,m,pUzaRO,m,8,d
pUzan,m,pUzaRas,m,8,p
bahupUzan,n,bahupUzan,n,1,s
bahupUzan,n,bahupUzRI,n,1,d
bahupUzan,n,bahupUzaRI,n,1,d
bahupUzan,n,bahupUzARi,n,1,p
bahupUzan,n,bahupUzan,n,2,s
bahupUzan,n,bahupUzRI,n,2,d
bahupUzan,n,bahupUzaRI,n,2,d
bahupUzan,n,bahupUzARi,n,2,p
bahupUzan,n,bahupUzRA,n,3,s
bahupUzan,n,bahupUzaByAm,n,3,d
bahupUzan,n,bahupUzaBis,n,3,p
bahupUzan,n,bahupUzRe,n,4,s
bahupUzan,n,bahupUzaByAm,n,4,d
bahupUzan,n,bahupUzaByas,n,4,p
bahupUzan,n,bahupUzRas,n,5,s
bahupUzan,n,bahupUzaByAm,n,5,d
bahupUzan,n,bahupUzaByas,n,5,p
bahupUzan,n,bahupUzRas,n,6,s
bahupUzan,n,bahupUzRos,n,6,d
bahupUzan,n,bahupUzRAm,n,6,p
bahupUzan,n,bahupUzRi,n,7,s
bahupUzan,n,bahupUzaRi,n,7,s
bahupUzan,n,bahupUzRos,n,7,d
bahupUzan,n,bahupUzasu,n,7,p
bahupUzan,n,bahupUzan,n,8,s
bahupUzan,n,bahupUzRI,n,8,d
bahupUzan,n,bahupUzaRI,n,8,d
bahupUzan,n,bahupUzARi,n,8,p
bahuvftrahan,n,bahuvftrahan,n,1,s
bahuvftrahan,n,bahuvftraGRi,n,1,d
bahuvftrahan,n,bahuvftrahaRI,n,1,d
bahuvftrahan,n,bahuvftrahARi,n,1,p
bahuvftrahan,n,bahuvftrahan,n,2,s
bahuvftrahan,n,bahuvftraGRi,n,2,d
bahuvftrahan,n,bahuvftrahaRI,n,2,d
bahuvftrahan,n,bahuvftrahARi,n,2,p
bahuvftrahan,n,bahupUzRA,n,3,s
bahuvftrahan,n,bahupUzaByAm,n,3,d
bahuvftrahan,n,bahupUzaBis,n,3,p
bahuvftrahan,n,bahupUzRe,n,4,s
bahuvftrahan,n,bahupUzaByAm,n,4,d
bahuvftrahan,n,bahupUzaByas,n,4,p
bahuvftrahan,n,bahupUzRas,n,5,s
bahuvftrahan,n,bahupUzaByAm,n,5,d
bahuvftrahan,n,bahupUzaByas,n,5,p
bahuvftrahan,n,bahupUzRas,n,6,s
bahuvftrahan,n,bahupUzRos,n,6,d
bahuvftrahan,n,bahupUzRAm,n,6,p
bahuvftrahan,n,bahupUzRi,n,7,s
bahuvftrahan,n,bahupUzaRi,n,7,s
bahuvftrahan,n,bahupUzRos,n,7,d
bahuvftrahan,n,bahupUzasu,n,7,p
bahuvftrahan,n,bahuvftrahan,n,8,s
bahuvftrahan,n,bahuvftraGRi,n,8,d
bahuvftrahan,n,bahuvftrahaRI,n,8,d
bahuvftrahan,n,bahuvftrahARi,n,8,p
bahvaryaman,n,bahvaryaman,n,1,s
bahvaryaman,n,bahvaryamRi,n,1,d
bahvaryaman,n,bahvaryamaRi,n,1,d
bahvaryaman,n,bahvaryamARi,n,1,p
bahvaryaman,n,bahvaryaman,n,2,s
bahvaryaman,n,bahvaryamRi,n,2,d
bahvaryaman,n,bahvaryamaRi,n,2,d
bahvaryaman,n,bahvaryamARi,n,2,p
bahvaryaman,n,bahvaryamRA,n,3,s
bahvaryaman,n,bahvaryamaByAm,n,3,d
bahvaryaman,n,bahvaryamaBis,n,3,p
bahvaryaman,n,bahvaryamRe,n,4,s
bahvaryaman,n,bahvaryamaByAm,n,4,d
bahvaryaman,n,bahvaryamaByas,n,4,p
bahvaryaman,n,bahvaryamRas,n,5,s
bahvaryaman,n,bahvaryamaByAm,n,5,d
bahvaryaman,n,bahvaryamaByas,n,5,p
bahvaryaman,n,bahvaryamRas,n,6,s
bahvaryaman,n,bahvaryamRos,n,6,d
bahvaryaman,n,bahvaryamRAm,n,6,p
bahvaryaman,n,bahvaryamRi,n,7,s
bahvaryaman,n,bahvaryamaRi,n,7,s
bahvaryaman,n,bahvaryamRos,n,7,d
bahvaryaman,n,bahvaryamasu,n,7,p
bahvaryaman,n,bahvaryaman,n,8,s
bahvaryaman,n,bahvaryamRi,n,8,d
bahvaryaman,n,bahvaryamaRi,n,8,d
bahvaryaman,n,bahvaryamARi,n,8,p
BrAtf,m,BrAtA,m,1,s
BrAtf,m,BrAtarO,m,1,d
BrAtf,m,BrAtaras,m,1,p
BrAtf,m,BrAtaram,m,2,s
BrAtf,m,BrAtarO,m,2,d
BrAtf,m,BrAtFn,m,2,p
BrAtf,m,BrAtrA,m,3,s
BrAtf,m,BrAtfByAm,m,3,d
BrAtf,m,BrAtfBis,m,3,p
BrAtf,m,BrAtre,m,4,s
BrAtf,m,BrAtfByAm,m,4,d
BrAtf,m,BrAtfByas,m,4,p
BrAtf,m,BrAtus,m,5,s
BrAtf,m,BrAtfByAm,m,5,d
BrAtf,m,BrAtfByas,m,5,p
BrAtf,m,BrAtus,m,6,s
BrAtf,m,BrAtros,m,6,d
BrAtf,m,BrAtFRAm,m,6,p
BrAtf,m,BrAtari,m,7,s
BrAtf,m,BrAtros,m,7,d
BrAtf,m,BrAtfzu,m,7,p
BrAtf,m,BrAtar,m,8,s
BrAtf,m,BrAtarO,m,8,d
BrAtf,m,BrAtaras,m,8,p
maGavan,m,maGavA,m,1,s
maGavan,m,maGavAnO,m,1,d
maGavan,m,maGavAnas,m,1,p
maGavan,m,maGavAnam,m,2,s
maGavan,m,maGavAnO,m,2,d
maGavan,m,maGonas,m,2,p
maGavan,m,maGonA,m,3,s
maGavan,m,maGavaByAm,m,3,d
maGavan,m,maGavaBis,m,3,p
maGavan,m,maGone,m,4,s
maGavan,m,maGavaByAm,m,4,d
maGavan,m,maGavaByas,m,4,p
maGavan,m,maGonas,m,5,s
maGavan,m,maGavaByAm,m,5,d
maGavan,m,maGavaByas,m,5,p
maGavan,m,maGonas,m,6,s
maGavan,m,maGonos,m,6,d
maGavan,m,maGonAm,m,6,p
maGavan,m,maGoni,m,7,s
maGavan,m,maGonos,m,7,d
maGavan,m,maGavasu,m,7,p
maGavan,m,maGavan,m,8,s
maGavan,m,maGavAnO,m,8,d
maGavan,m,maGavAnas,m,8,p
maTin,m,manTAs,m,1,s
maTin,m,manTAnO,m,1,d
maTin,m,manTAnas,m,1,p
maTin,m,manTAnam,m,2,s
maTin,m,manTAnO,m,2,d
maTin,m,maTas,m,2,p
maTin,m,maTA,m,3,s
maTin,m,maTiByAm,m,3,d
maTin,m,maTiBis,m,3,p
maTin,m,maTe,m,4,s
maTin,m,maTiByAm,m,4,d
maTin,m,maTiByas,m,4,p
maTin,m,maTas,m,5,s
maTin,m,maTiByAm,m,5,d
maTin,m,maTiByas,m,5,p
maTin,m,maTas,m,6,s
maTin,m,maTos,m,6,d
maTin,m,maTAm,m,6,p
maTin,m,maTi,m,7,s
maTin,m,maTos,m,7,d
maTin,m,maTizu,m,7,p
maTin,m,manTAs,m,8,s
maTin,m,manTAnO,m,8,d
maTin,m,manTAnas,m,8,p
mAtf,f,mAtA,f,1,s
mAtf,f,mAtarO,f,1,d
mAtf,f,mAtaras,f,1,p
mAtf,f,mAtaram,f,2,s
mAtf,f,mAtarO,f,2,d
mAtf,f,mAtFs,f,2,p
mAtf,f,mAtrA,f,3,s
mAtf,f,mAtfByAm,f,3,d
mAtf,f,mAtfBis,f,3,p
mAtf,f,mAtre,f,4,s
mAtf,f,mAtfByAm,f,4,d
mAtf,f,mAtfByas,f,4,p
mAtf,f,mAtus,f,5,s
mAtf,f,mAtfByAm,f,5,d
mAtf,f,mAtfByas,f,5,p
mAtf,f,mAtus,f,6,s
mAtf,f,mAtros,f,6,d
mAtf,f,mAtFRAm,f,6,p
mAtf,f,mAtari,f,7,s
mAtf,f,mAtros,f,7,d
mAtf,f,mAtfzu,f,7,p
mAtf,f,mAtar,f,8,s
mAtf,f,mAtarO,f,8,d
mAtf,f,mAtaras,f,8,p
yAtf,f,yAtA,f,1,s
yAtf,f,yAtarO,f,1,d
yAtf,f,yAtaras,f,1,p
yAtf,f,yAtaram,f,2,s
yAtf,f,yAtarO,f,2,d
yAtf,f,yAtFs,f,2,p
yAtf,f,yAtrA,f,3,s
yAtf,f,yAtfByAm,f,3,d
yAtf,f,yAtfBis,f,3,p
yAtf,f,yAtre,f,4,s
yAtf,f,yAtfByAm,f,4,d
yAtf,f,yAtfByas,f,4,p
yAtf,f,yAtus,f,5,s
yAtf,f,yAtfByAm,f,5,d
yAtf,f,yAtfByas,f,5,p
yAtf,f,yAtus,f,6,s
yAtf,f,yAtros,f,6,d
yAtf,f,yAtFRAm,f,6,p
yAtf,f,yAtari,f,7,s
yAtf,f,yAtros,f,7,d
yAtf,f,yAtfzu,f,7,p
yAtf,f,yAtar,f,8,s
yAtf,f,yAtarO,f,8,d
yAtf,f,yAtaras,f,8,p
yuvan,m,yuvA,m,1,s
yuvan,m,yuvAnO,m,1,d
yuvan,m,yuvAnas,m,1,p
yuvan,m,yuvAnam,m,2,s
yuvan,m,yuvAnO,m,2,d
yuvan,m,yUnas,m,2,p
yuvan,m,yUnA,m,3,s
yuvan,m,yuvaByAm,m,3,d
yuvan,m,yuvaBis,m,3,p
yuvan,m,yUne,m,4,s
yuvan,m,yuvaByAm,m,4,d
yuvan,m,yuvaByas,m,4,p
yuvan,m,yUnas,m,5,s
yuvan,m,yuvaByAm,m,5,d
yuvan,m,yuvaByas,m,5,p
yuvan,m,yUnas,m,6,s
yuvan,m,yUnos,m,6,d
yuvan,m,yUnAm,m,6,p
yuvan,m,yUni,m,7,s
yuvan,m,yUnos,m,7,d
yuvan,m,yuvasu,m,7,p
yuvan,m,yuvan,m,8,s
yuvan,m,yuvAnO,m,8,d
yuvan,m,yuvAnas,m,8,p
vftrahan,m,vftrahA,m,1,s
vftrahan,m,vftrahaRO,m,1,d
vftrahan,m,vftrahaRas,m,1,p
vftrahan,m,vftrahaRam,m,2,s
vftrahan,m,vftrahaRO,m,2,d
vftrahan,m,vftraGRas,m,2,p
vftrahan,m,vftraGRA,m,3,s
vftrahan,m,vftrahaByAm,m,3,d
vftrahan,m,vftrahaBis,m,3,p
vftrahan,m,vftraGRe,m,4,s
vftrahan,m,vftrahaByAm,m,4,d
vftrahan,m,vftrahaByas,m,4,p
vftrahan,m,vftraGRas,m,5,s
vftrahan,m,vftrahaByAm,m,5,d
vftrahan,m,vftrahaByas,m,5,p
vftrahan,m,vftraGRas,m,6,s
vftrahan,m,vftraGRos,m,6,d
vftrahan,m,vftraGRAm,m,6,p
vftrahan,m,vftraGRi,m,7,s
vftrahan,m,vftrahaRi,m,7,s
vftrahan,m,vftraGRos,m,7,d
vftrahan,m,vftrahasu,m,7,p
vftrahan,m,vftrahan,m,8,s
vftrahan,m,vftrahaRO,m,8,d
vftrahan,m,vftrahaRas,m,8,p
SaMstf,m,SaMstA,m,1,s
SaMstf,m,SaMstarO,m,1,d
SaMstf,m,SaMstaras,m,1,p
SaMstf,m,SaMstaram,m,2,s
SaMstf,m,SaMstarO,m,2,d
SaMstf,m,SaMstFn,m,2,p
SaMstf,m,SaMstrA,m,3,s
SaMstf,m,SaMstfByAm,m,3,d
SaMstf,m,SaMstfBis,m,3,p
SaMstf,m,SaMstre,m,4,s
SaMstf,m,SaMstfByAm,m,4,d
SaMstf,m,SaMstfByas,m,4,p
SaMstf,m,SaMstus,m,5,s
SaMstf,m,SaMstfByAm,m,5,d
SaMstf,m,SaMstfByas,m,5,p
SaMstf,m,SaMstus,m,6,s
SaMstf,m,SaMstros,m,6,d
SaMstf,m,SaMstFRAm,m,6,p
SaMstf,m,SaMstari,m,7,s
SaMstf,m,SaMstros,m,7,d
SaMstf,m,SaMstfzu,m,7,p
SaMstf,m,SaMstar,m,8,s
SaMstf,m,SaMstarO,m,8,d
SaMstf,m,SaMstaras,m,8,p
Svan,m,SvA,m,1,s
Svan,m,SvAnO,m,1,d
Svan,m,SvAnas,m,1,p
Svan,m,SvAnam,m,2,s
Svan,m,SvAnO,m,2,d
Svan,m,Sunas,m,2,p
Svan,m,SunA,m,3,s
Svan,m,SvaByAm,m,3,d
Svan,m,SvaBis,m,3,p
Svan,m,Sune,m,4,s
Svan,m,SvaByAm,m,4,d
Svan,m,SvaByas,m,4,p
Svan,m,Sunas,m,5,s
Svan,m,SvaByAm,m,5,d
Svan,m,SvaByas,m,5,p
Svan,m,Sunas,m,6,s
Svan,m,Sunos,m,6,d
Svan,m,SunAm,m,6,p
Svan,m,Suni,m,7,s
Svan,m,Sunos,m,7,d
Svan,m,Svasu,m,7,p
Svan,m,Svan,m,8,s
Svan,m,SvAnO,m,8,d
Svan,m,SvAnas,m,8,p
sakTi,n,sakTi,n,1,s
sakTi,n,sakTinI,n,1,d
sakTi,n,sakTIni,n,1,p
sakTi,n,sakTi,n,2,s
sakTi,n,sakTinI,n,2,d
sakTi,n,sakTIni,n,2,p
sakTi,n,sakTnA,n,3,s
sakTi,n,sakTiByAm,n,3,d
sakTi,n,sakTiBis,n,3,p
sakTi,n,sakTne,n,4,s
sakTi,n,sakTiByAm,n,4,d
sakTi,n,sakTiByas,n,4,p
sakTi,n,sakTnas,n,5,s
sakTi,n,sakTiByAm,n,5,d
sakTi,n,sakTiByas,n,5,p
sakTi,n,sakTnas,n,6,s
sakTi,n,sakTnos,n,6,d
sakTi,n,sakTnAm,n,6,p
sakTi,n,sakTni,n,7,s
sakTi,n,sakTani,n,7,s
sakTi,n,sakTnos,n,7,d
sakTi,n,sakTizu,n,7,p
sakTi,n,sakTe,n,8,s
sakTi,n,sakTi,n,8,s
sakTi,n,sakTinI,n,8,d
sakTi,n,sakTIni,n,8,p
saKi,m,saKA,m,1,s
saKi,m,saKAyO,m,1,d
saKi,m,saKAyas,m,1,p
saKi,m,saKAyam,m,2,s
saKi,m,saKAyO,m,2,d
saKi,m,saKIn,m,2,p
saKi,m,saKyA,m,3,s
saKi,m,saKiByAm,m,3,d
saKi,m,saKiBis,m,3,p
saKi,m,saKye,m,4,s
saKi,m,saKiByAm,m,4,d
saKi,m,saKiByas,m,4,p
saKi,m,saKyus,m,5,s
saKi,m,saKiByAm,m,5,d
saKi,m,saKiByas,m,5,p
saKi,m,saKyus,m,6,s
saKi,m,saKyos,m,6,d
saKi,m,saKInAm,m,6,p
saKi,m,saKyO,m,7,s
saKi,m,saKyos,m,7,d
saKi,m,saKIzu,m,7,p
saKi,m,saKe,m,8,s
saKi,m,saKAyO,m,8,d
saKi,m,saKAyas,m,8,p
savyezwf,m,savyezwA,m,1,s
savyezwf,m,savyezwarO,m,1,d
savyezwf,m,savyezwaras,m,1,p
savyezwf,m,savyezwaram,m,2,s
savyezwf,m,savyezwarO,m,2,d
savyezwf,m,savyezwFn,m,2,p
savyezwf,m,savyezwrA,m,3,s
savyezwf,m,savyezwfByAm,m,3,d
savyezwf,m,savyezwfBis,m,3,p
savyezwf,m,savyezwre,m,4,s
savyezwf,m,savyezwfByAm,m,4,d
savyezwf,m,savyezwfByas,m,4,p
savyezwf,m,savyezwus,m,5,s
savyezwf,m,savyezwfByAm,m,5,d
savyezwf,m,savyezwfByas,m,5,p
savyezwf,m,savyezwus,m,6,s
savyezwf,m,savyezwros,m,6,d
savyezwf,m,savyezwFRAm,m,6,p
savyezwf,m,savyezwari,m,7,s
savyezwf,m,savyezwros,m,7,d
savyezwf,m,savyezwfzu,m,7,p
savyezwf,m,savyezwar,m,8,s
savyezwf,m,savyezwarO,m,8,d
savyezwf,m,savyezwaras,m,8,p
susaKi,m,susaKA,m,1,s
susaKi,m,susaKAyO,m,1,d
susaKi,m,susaKAyas,m,1,p
susaKi,m,susaKAyam,m,2,s
susaKi,m,susaKAyO,m,2,d
susaKi,m,susaKIn,m,2,p
susaKi,m,susaKinA,m,3,s
susaKi,m,susaKiByAm,m,3,d
susaKi,m,susaKiBis,m,3,p
susaKi,m,susaKaye,m,4,s
susaKi,m,susaKiByAm,m,4,d
susaKi,m,susaKiByas,m,4,p
susaKi,m,susaKes,m,5,s
susaKi,m,susaKiByAm,m,5,d
susaKi,m,susaKiByas,m,5,p
susaKi,m,susaKes,m,6,s
susaKi,m,susaKyos,m,6,d
susaKi,m,susaKInAm,m,6,p
susaKi,m,susaKO,m,7,s
susaKi,m,susaKyos,m,7,d
susaKi,m,susaKIzu,m,7,p
susaKi,m,susaKe,m,8,s
susaKi,m,susaKAyO,m,8,d
susaKi,m,susaKAyas,m,8,p
svanaquh,n,svanaquMt,n,1,s
svanaquh,n,svanaquhI,n,1,d
svanaquh,n,svanaqvAMhi,n,1,p
svanaquh,n,svanaquMt,n,2,s
svanaquh,n,svanaquhI,n,2,d
svanaquh,n,svanaqvAMhi,n,2,p
svanaquh,n,svanaquhA,n,3,s
svanaquh,n,svanaqudByAm,n,3,d
svanaquh,n,svanaqudBis,n,3,p
svanaquh,n,svanaquhe,n,4,s
svanaquh,n,svanaqudByAm,n,4,d
svanaquh,n,svanaqudByas,n,4,p
svanaquh,n,svanaquhas,n,5,s
svanaquh,n,svanaqudByAm,n,5,d
svanaquh,n,svanaqudByas,n,5,p
svanaquh,n,svanaquhas,n,6,s
svanaquh,n,svanaquhos,n,6,d
svanaquh,n,svanaquhAm,n,6,p
svanaquh,n,svanaquhi,n,7,s
svanaquh,n,svanaquhos,n,7,d
svanaquh,n,svanaqutsu,n,7,p
svanaquh,n,svanaquMt,n,8,s
svanaquh,n,svanaquhI,n,8,d
svanaquh,n,svanaqvAMhi,n,8,p
svasf,f,svasA,f,1,s
svasf,f,svasArO,f,1,d
svasf,f,svasAras,f,1,p
svasf,f,svasAram,f,2,s
svasf,f,svasArO,f,2,d
svasf,f,svasFs,f,2,p
svasf,f,svasrA,f,3,s
svasf,f,svasfByAm,f,3,d
svasf,f,svasfBis,f,3,p
svasf,f,svasre,f,4,s
svasf,f,svasfByAm,f,4,d
svasf,f,svasfByas,f,4,p
svasf,f,svasus,f,5,s
svasf,f,svasfByAm,f,5,d
svasf,f,svasfByas,f,5,p
svasf,f,svasus,f,6,s
svasf,f,svasros,f,6,d
svasf,f,svasFRAm,f,6,p
svasf,f,svasari,f,7,s
svasf,f,svasros,f,7,d
svasf,f,svasfzu,f,7,p
svasf,f,svasAr,f,8,s
svasf,f,svasArO,f,8,d
svasf,f,svasAras,f,8,p
