name,root,pos,modification
aMSayitum,aMSa,infinitive,
aMSya,aMSa,gerund,
akya,aYc,gerund,
akzitum,akz,infinitive,
agadya,agada,gerund,
agadyitum,agada,infinitive,
aGAyitum,aGa,infinitive,
aGya,aGa,gerund,
aNkayitum,aNka,infinitive,
aNktum,aYj,infinitive,
aNkya,aNka,gerund,
aNKayitum,aNKa,infinitive,
aNKya,aNKa,gerund,
aNgitum,aNg,infinitive,
aNgya,aNg,gerund,
acya,aYc,gerund,
ajitum,aj,infinitive,
ajirAyitum,ajira,infinitive,
ajirya,ajira,gerund,
ajya,aj,gerund,
ajya,aYj,gerund,
aYcayitum,aYc,infinitive,caus
aYcitum,aYc,infinitive,
aYcya,aYc,gerund,caus
aYjayitum,aYj,infinitive,caus
aYjitum,aYj,infinitive,
aYjya,aYj,gerund,caus
awitum,aw,infinitive,
awya,aw,gerund,
atitum,at,infinitive,
attum,ad#1,infinitive,
atya,at,gerund,
adya,ad#1,gerund,
aDvarIyitum,aDvara,infinitive,
aDvarya,aDvara,gerund,
aDvaryitum,aDvara,infinitive,
anitum,an#2,infinitive,
aninizitum,an#2,infinitive,desid
aninizya,an#2,gerund,desid
anDayitum,anDa,infinitive,
anDya,anDa,gerund,
anya,an#2,gerund,
apsaraya,apsaras,gerund,
apsarAyitum,apsaras,infinitive,
aBrAyitum,aBra,infinitive,
aBrya,aBra,gerund,
amitrayitum,amitra,infinitive,
amitrya,amitra,gerund,
amItum,am,infinitive,
aririzitum,f,infinitive,desid
aririzya,f,gerund,desid
arcayitum,fc#1,infinitive,caus
arcayya,fc#1,gerund,caus
arcicizitum,fc#1,infinitive,desid
arcicizya,fc#1,gerund,desid
arcitum,fc#1,infinitive,
arcya,fc#1,gerund,
arjayitum,fj,infinitive,caus
arjitum,fj,infinitive,
arjya,fj,gerund,caus
artum,f,infinitive,
arTayitum,arT,infinitive,
arTya,arT,gerund,
arditum,ard,infinitive,
ardya,ard,gerund,
arDayitum,fD,infinitive,caus
arDayya,fD,gerund,caus
arDitum,fD,infinitive,
arpayitum,f,infinitive,caus
arpayya,f,gerund,caus
arzitum,fz,infinitive,
arhayitum,arh,infinitive,caus
arhitum,arh,infinitive,
arhya,arh,gerund,
avitum,av,infinitive,
avya,av,gerund,
aSanAyitum,aSana#2,infinitive,
aSanIyitum,aSana#2,infinitive,
aSanya,aSana#2,gerund,
aSitum,aS#1,infinitive,
aSitum,aS#2,infinitive,
aSya,aS#1,gerund,
aSya,aS#2,gerund,
aSvasyitum,aSva,infinitive,
aSvAyitum,aSva,infinitive,
aSvya,aSva,gerund,
azwum,akz,infinitive,
asitum,as#1,infinitive,
asitum,as#2,infinitive,
asUyitum,asUya,infinitive,
asUyya,asUya,gerund,
asya,as#2,gerund,
AkarRayitum,AkarRa,infinitive,
AkarRya,AkarRa,gerund,
Akulayitum,Akula,infinitive,
Akulya,Akula,gerund,
Adayitum,ad#1,infinitive,caus
Adya,ad#1,gerund,caus
Anayitum,an#2,infinitive,caus
Anya,an#2,gerund,caus
Anya,am,gerund,
Apayitum,Ap,infinitive,caus
Apayya,Ap,gerund,caus
Aptum,Ap,infinitive,
Apya,Ap,gerund,
Amayitum,am,infinitive,caus
Amya,am,gerund,caus
Avayitum,av,infinitive,caus
Avilayitum,Avila,infinitive,
Avilya,Avila,gerund,
Avya,av,gerund,caus
ASayitum,aS#2,infinitive,caus
ASya,aS#2,gerund,caus
Asam,as#2,gerund,
Asayitum,As#2,infinitive,caus
Asayitum,as#2,infinitive,caus
Asitum,As#2,infinitive,
Asya,As#2,gerund,
Asya,as#2,gerund,caus
iNgayitum,iNg,infinitive,caus
iNgya,iNg,gerund,
ijya,yaj#1,gerund,
itya,i,gerund,
iDya,inD,gerund,
inditum,ind,infinitive,
indya,ind,gerund,
inDitum,inD,infinitive,
inya,in,gerund,
invitum,inv,infinitive,
invya,inv,gerund,
iraya,iras,gerund,
irasyitum,iras,infinitive,
ilayitum,il,infinitive,caus
ilya,il,gerund,
izayitum,iz#1,infinitive,caus
izayitum,iz#2,infinitive,caus
izuDya,izuDi,gerund,
izuDyitum,izuDi,infinitive,
izya,iz#1,gerund,
izya,iz#2,gerund,
Ikzitum,Ikz,infinitive,
Ikzya,Ikz,gerund,
INKayitum,INK,infinitive,caus
INKitum,INK,infinitive,
INKya,INK,gerund,
Iqitum,Iq,infinitive,
Iqya,Iq,gerund,
Ipsitum,Ap,infinitive,desid
Ipsya,Ap,gerund,desid
Irayitum,Ir,infinitive,caus
Iritum,Ir,infinitive,
Irya,Ir,gerund,
Irzitum,Irz,infinitive,
Irzya,Irz,gerund,
ISitum,IS#1,infinitive,
ISya,IS#1,gerund,
Izitum,Iz,infinitive,
Izya,Iz,gerund,
Ihitum,Ih,infinitive,
Ihya,Ih,gerund,
ukzitum,ukz,infinitive,
ukzya,ukz,gerund,
ucitum,uc,infinitive,
ucya,uc,gerund,
ucya,vac,gerund,
ujJitum,ujJ,infinitive,
ujJya,ujJ,gerund,
uYCitum,uYC,infinitive,
uYCya,uYC,gerund,
utkaRWayitum,utkaRW,infinitive,caus
utkaRWitum,utkaRW,infinitive,
utkaRWya,utkaRW,gerund,
udakIyitum,udaka,infinitive,
udakya,udaka,gerund,
udanyitum,udan,infinitive,
udaya,udan,gerund,
udya,und,gerund,
udya,vad,gerund,
unditum,und,infinitive,
undya,und,gerund,
unmanaya,unmanas,gerund,
unmanAyitum,unmanas,infinitive,
upya,vap#1,gerund,
upya,vap#2,gerund,
uBya,umB,gerund,
umBitum,umB,infinitive,
uya,vA#3,gerund,
uraya,uras,gerund,
urasyitum,uras,infinitive,
uruzya,uruz,gerund,
urozitum,uruz,infinitive,
uzaya,uzas,gerund,
uzasyitum,uzas,infinitive,
uzya,uz,gerund,
uzya,vas#1,gerund,
uzya,vas#4,gerund,
uhya,vah#1,gerund,
Uya,vA#3,gerund,
Urjayitum,Urj#1,infinitive,caus
Urjya,Urj#1,gerund,caus
Uzmaya,Uzman,gerund,
UzmAyitum,Uzman,infinitive,
Uhitum,Uh,infinitive,
Uhya,Uh,gerund,
ftya,f,gerund,
fDya,fD,gerund,
fzya,fz,gerund,
ejayitum,ej,infinitive,caus
ejitum,ej,infinitive,
ejya,ej,gerund,
etum,i,infinitive,
eDayitum,eD,infinitive,caus
eDitum,eD,infinitive,
eDya,eD,gerund,
enitum,in,infinitive,
elayitum,il,infinitive,caus
elitum,il,infinitive,
elya,il,gerund,caus
ezitum,iz#1,infinitive,
ezitum,iz#2,infinitive,
ezwum,iz#1,infinitive,
ozitum,uz,infinitive,
kaRqayitum,kaRq,infinitive,
kaRqUyitum,kaRqu,infinitive,
kaRqya,kaRq,gerund,
kaRqya,kaRqu,gerund,
kaRvAyitum,kaRva,infinitive,
kaRvya,kaRva,gerund,
katTitum,katT,infinitive,
katTya,katT,gerund,
kaTayitum,kaT,infinitive,
kaTayya,kaT,gerund,
kadarTayitum,kadarTa,infinitive,
kadarTya,kadarTa,gerund,
kampayitum,kamp,infinitive,caus
kampitum,kamp,infinitive,
kampya,kamp,gerund,
karitum,kF,infinitive,
karItum,kF,infinitive,
karuRAyitum,karuRa,infinitive,
karuRya,karuRa,gerund,
karRayitum,karRa,infinitive,
karRya,karRa,gerund,
kartitum,kft#1,infinitive,
kartum,kf#1,infinitive,
karttum,kft#1,infinitive,
kartya,kartf,gerund,
kartrIyitum,kartf,infinitive,
karpitum,kfp,infinitive,
karptum,kfp,infinitive,
karSayitum,kfS,infinitive,caus
karSitum,kfS,infinitive,
karSya,kfS,gerund,caus
karzayitum,kfz,infinitive,caus
karzwum,kfz,infinitive,
karzya,kfz,gerund,caus
kalaNkayitum,kalaNka,infinitive,
kalaNkya,kalaNka,gerund,
kalayitum,kal,infinitive,
kalayya,kal,gerund,
kalahAyitum,kalaha,infinitive,
kalahya,kalaha,gerund,
kaluzayitum,kaluza,infinitive,
kaluzAyitum,kaluza,infinitive,
kaluzya,kaluza,gerund,
kalpayitum,kxp,infinitive,caus
kalpayya,kxp,gerund,caus
kalpitum,kxp,infinitive,
kalptum,kxp,infinitive,
kavalayitum,kavala,infinitive,
kavalya,kavala,gerund,
kavitum,kU,infinitive,
kavIyitum,kavi,infinitive,
kavya,kavi,gerund,
kazitum,kaz,infinitive,
kazwAyitum,kazwa,infinitive,
kazwya,kazwa,gerund,
kazya,kaz,gerund,
kasitum,kas,infinitive,
kasya,kas,gerund,
kANkzitum,kANkz,infinitive,
kANkzya,kANkz,gerund,
kAmayitum,kam,infinitive,caus
kAmya,kam,gerund,caus
kAram,kf#1,gerund,
kArayitum,kf#1,infinitive,caus
kArya,kf#1,gerund,caus
kAlayitum,kal,infinitive,caus
kAlayya,kal,gerund,caus
kASayitum,kAS,infinitive,caus
kASitum,kAS,infinitive,
kASya,kAS,gerund,
kAzam,kaz,gerund,
kAzayitum,kaz,infinitive,caus
kAzya,kaz,gerund,caus
kAsayitum,kas,infinitive,caus
kAsya,kas,gerund,caus
kIrtayitum,kIrt,infinitive,
kIrtya,kIrt,gerund,
kIrya,kF,gerund,
kucya,kuc,gerund,
kuYcayitum,kuc,infinitive,caus
kuYcya,kuc,gerund,caus
kuwwayitum,kuwwa,infinitive,
kuwwya,kuwwa,gerund,
kuwya,kuw,gerund,
kuRWitum,kuRW,infinitive,
kuRWya,kuRW,gerund,
kuRqayitum,kuRq,infinitive,caus
kuRqitum,kuRq,infinitive,
kuRqya,kuRq,gerund,
kutsayitum,kuts,infinitive,
kutsitum,kuts,infinitive,
kutsya,kuts,gerund,
kunTitum,kunT,infinitive,
kunTya,kunT,gerund,
kupya,kup,gerund,
kulya,kul,gerund,
kusumayitum,kusuma,infinitive,
kusumya,kusuma,gerund,
kUjitum,kUj,infinitive,
kUjya,kUj,gerund,
kUya,kU,gerund,
kfcCrAyitum,kfcCra,infinitive,
kfcCrya,kfcCra,gerund,
kftya,kft#1,gerund,
kftya,kf#1,gerund,
kfpayitum,kfp,infinitive,caus
kfpya,kfp,gerund,
kfSya,kfS,gerund,
kfzya,kfz,gerund,
kxpya,kxp,gerund,
kelAyitum,kelA,infinitive,
kelya,kelA,gerund,
kocitum,kuc,infinitive,
kowitum,kuw,infinitive,
kopitum,kup,infinitive,
kolitum,kul,infinitive,
krantum,kram,infinitive,
kranditum,krand,infinitive,
krandya,krand,gerund,
kramayitum,kram,infinitive,caus
kramayya,kram,gerund,caus
kramitum,kram,infinitive,
kramya,kram,gerund,
krazwum,kfz,infinitive,
krApayitum,krI,infinitive,caus
krApya,krI,gerund,caus
krAmam,kram,gerund,
krAmayitum,kram,infinitive,caus
krAmayya,kram,gerund,caus
krIqayitum,krIq,infinitive,caus
krIqitum,krIq,infinitive,
krIqya,krIq,gerund,
krIya,krI,gerund,
krucya,kruYc#1,gerund,
kruYcitum,kruYc#1,infinitive,
kruDya,kruD#1,gerund,
kruSya,kruS,gerund,
kretum,krI,infinitive,
krodDum,kruD#1,infinitive,
kroDayitum,kruD#1,infinitive,caus
kroDya,kruD#1,gerund,caus
krozwum,kruS,infinitive,
klamitum,klam,infinitive,
klamya,klam,gerund,
klAmayitum,klam,infinitive,caus
klAmya,klam,gerund,caus
klinya,klid,gerund,
kliSya,kliS,gerund,
klIbatya,klIba,gerund,
klIbAyitum,klIba,infinitive,
klIbetum,klIba,infinitive,
klIbya,klIba,gerund,
klettum,klid,infinitive,
kledayitum,klid,infinitive,caus
kleditum,klid,infinitive,
kledya,klid,gerund,caus
kleSayitum,kliS,infinitive,caus
kleSitum,kliS,infinitive,
kleSya,kliS,gerund,caus
kvaTitum,kvaT,infinitive,
kvaTya,kvaT,gerund,
kvATayitum,kvaT,infinitive,caus
kvATya,kvaT,gerund,caus
kzaditum,kzad,infinitive,
kzadya,kzad,gerund,
kzanitum,kzan,infinitive,
kzantum,kzam,infinitive,
kzapayitum,kzI,infinitive,caus
kzapitum,kzap,infinitive,
kzapya,kzap,gerund,
kzapya,kzI,gerund,caus
kzamayitum,kzam,infinitive,caus
kzamitum,kzam,infinitive,
kzamya,kzam,gerund,caus
kzaya,kzan,gerund,
kzayitum,kzI,infinitive,
kzaritum,kzar,infinitive,
kzarya,kzar,gerund,
kzavitum,kzu,infinitive,
kzARya,kzam,gerund,
kzAmayitum,kzam,infinitive,caus
kzAmya,kzam,gerund,caus
kzAlayitum,kzal,infinitive,caus
kzAlya,kzal,gerund,caus
kzipya,kzip,gerund,
kzItya,kzi,gerund,
kzIya,kzI,gerund,
kzIrasyitum,kzIra,infinitive,
kzIrya,kzIra,gerund,
kzutya,kzu,gerund,
kzudya,kzud,gerund,
kzuDya,kzuD#1,gerund,
kzuBya,kzuB,gerund,
kzetum,kzi,infinitive,
kzetum,kzI,infinitive,
kzepayitum,kzip,infinitive,caus
kzeptum,kzip,infinitive,
kzepya,kzip,gerund,caus
kzottum,kzud,infinitive,
kzodDum,kzuD#1,infinitive,
kzoBayitum,kzuB,infinitive,caus
kzoBitum,kzuB,infinitive,
kzoBya,kzuB,gerund,caus
kzveqayitum,kzviq,infinitive,caus
kzveqitum,kzviq,infinitive,
kzveqya,kzviq,gerund,
Kaqayitum,Kaqa,infinitive,
Kaqya,Kaqa,gerund,
KaRqayitum,KaRqa,infinitive,
KaRqya,KaRqa,gerund,
Kanitum,Kan,infinitive,
KAditum,KAd,infinitive,
KAdya,KAd,gerund,
KAnam,Kan,gerund,
KAnayitum,Kan,infinitive,caus
KAnya,Kan,gerund,caus
KAya,Kan,gerund,
Kinya,Kid,gerund,
Kettum,Kid,infinitive,
Kedayitum,Kid,infinitive,caus
Kedya,Kid,gerund,caus
Kelayitum,Kel,infinitive,caus
KelAyitum,Kela,infinitive,
Kelitum,Kel,infinitive,
Kelya,Kel,gerund,
Kelya,Kela,gerund,
KyAtum,KyA,infinitive,
KyApayitum,KyA,infinitive,caus
KyApya,KyA,gerund,caus
KyAya,KyA,gerund,
gajitum,gaj,infinitive,
gajya,gaj,gerund,
gaRayitum,gaR,infinitive,
gaRayya,gaR,gerund,
gatya,gam,gerund,
gadayitum,gad,infinitive,caus
gaditum,gad,infinitive,
gadgadya,gadgada,gerund,
gadgadyitum,gadgada,infinitive,
gadya,gad,gerund,
gantum,gam,infinitive,
gamayitum,gam,infinitive,caus
gamayya,gam,gerund,caus
gamya,gam,gerund,
garitum,gF#2,infinitive,
garItum,gF#2,infinitive,
garjitum,garj,infinitive,
garjya,garj,gerund,
garditum,gard,infinitive,
gardya,gard,gerund,
garDayitum,gfD,infinitive,caus
garDitum,gfD,infinitive,
garDya,gfD,gerund,caus
garvayitum,garva,infinitive,
garvAyitum,garva,infinitive,
garvya,garva,gerund,
garhayitum,garh,infinitive,
garhitum,garh,infinitive,
garhya,garh,gerund,
galitum,gal,infinitive,
galBitum,galB,infinitive,
galBya,galB,gerund,
galya,gal,gerund,
gavezayitum,gavez,infinitive,
gavezitum,gavez,infinitive,
gavezya,gavez,gerund,
gavyitum,go,infinitive,
gAtum,gA#1,infinitive,
gAtum,gA#2,infinitive,
gAlayitum,gal,infinitive,caus
gAlya,gal,gerund,caus
gAhitum,gAh,infinitive,
gAhya,gAh,gerund,
giritum,gF#1,infinitive,
gIya,gA#2,gerund,
gIrya,gF#1,gerund,
gIrya,gF#2,gerund,
guYjitum,guYj,infinitive,
guYjya,guYj,gerund,
guRWayitum,guRW,infinitive,caus
guRWya,guRW,gerund,caus
gupayya,gup,gerund,
guPya,gumP,gerund,
gumPitum,gumP,infinitive,
gurya,gur,gerund,
guhya,guh,gerund,
gUhayitum,guh,infinitive,caus
gUhitum,guh,infinitive,
gUhya,guh,gerund,caus
gfDya,gfD,gerund,
gfBya,grah,gerund,
gfhya,grah,gerund,
goQum,guh,infinitive,
gopayitum,gup,infinitive,
gopAyitum,gopA,infinitive,
gopya,gopA,gerund,
goritum,gur,infinitive,
gya,go,gerund,
graTya,granT,gerund,
granTitum,granT,infinitive,
grasitum,gras,infinitive,
grasya,gras,gerund,
grahItum,grah,infinitive,
grAhayitum,grah,infinitive,caus
grAhya,grah,gerund,caus
glapayitum,glE,infinitive,caus
glapya,glE,gerund,caus
glAtum,glE,infinitive,
glAya,glE,gerund,
Gawayitum,Gaw,infinitive,caus
Gawitum,Gaw,infinitive,
Gawwayitum,Gaww,infinitive,
Gawwitum,Gaww,infinitive,
Gawwya,Gaww,gerund,
Gawya,Gaw,gerund,
Gartum,Gf,infinitive,
Garzitum,Gfz,infinitive,
GAwayitum,Gaw,infinitive,caus
GAwya,Gaw,gerund,caus
GAtayitum,han#1,infinitive,caus
GAtya,han#1,gerund,caus
Guzya,Guz,gerund,
GUrRitum,GUrR,infinitive,
GUrRya,GUrR,gerund,
Gftya,Gf,gerund,
Gfzya,Gfz,gerund,
Gozayitum,Guz,infinitive,caus
Gozitum,Guz,infinitive,
Gozwum,Guz,infinitive,
Gozya,Guz,gerund,caus
GrAtum,GrA,infinitive,
GrAya,GrA,gerund,
cakAsitum,cakAs,infinitive,
cakAsya,cakAs,gerund,
cakzitum,cakz,infinitive,
cakzya,cakz,gerund,
cacya,caYc,gerund,
caYcitum,caYc,infinitive,
cawitum,caw,infinitive,
cawya,caw,gerund,
canditum,cand,infinitive,
candya,cand,gerund,
capayitum,ci,infinitive,caus
capya,ci,gerund,caus
camitum,cam,infinitive,
camya,cam,gerund,
cayayitum,ci,infinitive,caus
cayya,ci,gerund,caus
caritum,car,infinitive,
carcayitum,carca,infinitive,
carcya,carca,gerund,
cartum,car,infinitive,
carya,car,gerund,
calitum,cal,infinitive,
calya,cal,gerund,
cAtayitum,cat,infinitive,caus
cAtya,cat,gerund,caus
cApayitum,ci,infinitive,caus
cApya,ci,gerund,caus
cAyayitum,ci,infinitive,caus
cAyya,ci,gerund,caus
cArayitum,car,infinitive,caus
cArya,car,gerund,caus
cAlayitum,cal,infinitive,caus
cAlya,cal,gerund,caus
cikitsitum,cit#1,infinitive,desid
cikitsya,cit#1,gerund,desid
cikIrzitum,kf#1,infinitive,desid
cikIrzya,kf#1,gerund,desid
cikIzitum,ci,infinitive,desid
cikIzya,ci,gerund,desid
cikrIzitum,krI,infinitive,desid
cikrIzya,krI,gerund,desid
cicIzitum,ci,infinitive,desid
cicIzya,ci,gerund,desid
citya,cit#1,gerund,
citya,ci,gerund,
citrIyitum,citra,infinitive,
citrya,citra,gerund,
cintayitum,cint,infinitive,
cintya,cint,gerund,
cukzUzitum,kzu,infinitive,desid
cukzUzya,kzu,gerund,desid
cudya,cud,gerund,
cumbitum,cumb,infinitive,
cumbya,cumb,gerund,
curayya,cur,gerund,
cUrRayitum,cUrRa,infinitive,
cUrRya,cUrRa,gerund,
cUzitum,cUz,infinitive,
cUzya,cUz,gerund,
cetayitum,cit#1,infinitive,caus
cetitum,cit#1,infinitive,
cetum,ci,infinitive,
cetya,cit#1,gerund,caus
cezwayitum,cezw,infinitive,caus
cezwitum,cezw,infinitive,
cezwya,cezw,gerund,
codayitum,cud,infinitive,caus
codya,cud,gerund,caus
copayitum,kup,infinitive,caus
copya,kup,gerund,caus
corayitum,cur,infinitive,
cyutya,cyu,gerund,
cyotum,cyu,infinitive,
Caditum,Cad#1,infinitive,
Cadya,Cad#1,gerund,
Candayitum,Cand,infinitive,caus
Canditum,Cand,infinitive,
Candya,Cand,gerund,
Calayitum,Cala,infinitive,
Calya,Cala,gerund,
CAdayitum,Cad#1,infinitive,caus
CAdya,Cad#1,gerund,caus
Cidya,Cid#1,gerund,
Cidrayitum,Cidra,infinitive,
Cidrya,Cidra,gerund,
Curayitum,Cur,infinitive,caus
Curya,Cur,gerund,caus
Cettum,Cid#1,infinitive,
Cedayitum,Cid#1,infinitive,caus
Cedya,Cid#1,gerund,caus
jagDum,jakz,infinitive,
jaGya,jakz,gerund,
janayitum,jan,infinitive,caus
janayya,jan,gerund,caus
janitum,jan,infinitive,
japitum,jap,infinitive,
japya,jap,gerund,
jaBitum,jaB#1,infinitive,
jaBitum,jaB#2,infinitive,
jaBya,jaB#1,gerund,
jaBya,jaB#2,gerund,
jamitum,jam,infinitive,
jamya,jam,gerund,
jayitum,ji,infinitive,
jarayitum,jF,infinitive,caus
jaritum,jF,infinitive,
jarItum,jF,infinitive,
jarya,jF,gerund,caus
jalAyitum,jala,infinitive,
jalpitum,jalp,infinitive,
jalpya,jalp,gerund,
jalya,jala,gerund,
javitum,jU,infinitive,
jasitum,jas,infinitive,
jasya,jas,gerund,
jahitum,hA#1,infinitive,
jAgarayitum,jAgf,infinitive,caus
jAgartum,jAgf,infinitive,
jAgartya,jAgf,gerund,
jAgarya,jAgf,gerund,caus
jAtum,jan,infinitive,
jApayitum,ji,infinitive,caus
jApya,ji,gerund,caus
jAya,jan,gerund,
jAsayitum,jas,infinitive,caus
jAsya,jas,gerund,caus
jigadizitum,gad,infinitive,desid
jigadizya,gad,gerund,desid
jigamizitum,gam,infinitive,desid
jigamizya,gam,gerund,desid
jigIzitum,ji,infinitive,desid
jigIzya,ji,gerund,desid
jiGAMsitum,han#1,infinitive,desid
jiGAMsya,han#1,gerund,desid
jiGfkzitum,grah,infinitive,desid
jiGfkzya,grah,gerund,desid
jijIvizitum,jIv,infinitive,desid
jijIvizya,jIv,gerund,desid
jijYAsitum,jYA#1,infinitive,desid
jijYAsya,jYA#1,gerund,desid
jitya,ji,gerund,
jinvitum,jinv,infinitive,
jinvya,jinv,gerund,
jihIrzitum,hf#1,infinitive,desid
jihIrzya,hf#1,gerund,desid
jIya,jyA#1,gerund,
jIrya,jF,gerund,
jIvitum,jIv,infinitive,
jIvya,jIv,gerund,
jugupsitum,gup,infinitive,desid
jugupsya,gup,gerund,desid
juzya,juz#1,gerund,
juhUzitum,hu,infinitive,desid
juhUzya,hu,gerund,desid
jUya,jU,gerund,
jfmBitum,jfmB,infinitive,
jfmBya,jfmB,gerund,
jetum,ji,infinitive,
jozayitum,juz#1,infinitive,caus
jozitum,juz#1,infinitive,
jozya,juz#1,gerund,caus
jYapayitum,jYA#1,infinitive,caus
jYapya,jYA#1,gerund,caus
jYAtum,jYA#1,infinitive,
jYApayitum,jYA#1,infinitive,caus
jYAptum,jYA#1,infinitive,caus
jYApya,jYA#1,gerund,caus
jYAya,jYA#1,gerund,
jyAtum,jyA#1,infinitive,
jyutya,jyut,gerund,
jyotayitum,jyut,infinitive,caus
jyotitum,jyut,infinitive,
jyotya,jyut,gerund,caus
jvaritum,jvar,infinitive,
jvarya,jvar,gerund,
jvalayitum,jval,infinitive,caus
jvalayya,jval,gerund,caus
jvalitum,jval,infinitive,
jvalya,jval,gerund,
qambayitum,qamb,infinitive,
qambya,qamb,gerund,
qayitum,qI,infinitive,
qIya,qI,gerund,
takitum,tak,infinitive,
takya,tak,gerund,
takzitum,takz,infinitive,
takzya,takz,gerund,
taNktum,taYc,infinitive,
tacya,taYc,gerund,
taYcitum,taYc,infinitive,
tatya,tan#1,gerund,
tanitum,tan#1,infinitive,
tanitum,tan#2,infinitive,
tantrayitum,tantra,infinitive,
tantrya,tantra,gerund,
tandrayitum,tandr,infinitive,
tandrya,tandr,gerund,
tanya,tan#1,gerund,
tanya,tan#2,gerund,
tapaya,tapas,gerund,
tapasyitum,tapas,infinitive,
tapitum,tap,infinitive,
taptum,tap,infinitive,
tapya,tap,gerund,
tamitum,tam,infinitive,
tamya,tam,gerund,
taritum,tF,infinitive,
tarItum,tF,infinitive,
taruRayitum,taruRa,infinitive,
taruRAyitum,taruRa,infinitive,
taruRya,taruRa,gerund,
tarkayitum,tark,infinitive,
tarkya,tark,gerund,
tarjayitum,tarj,infinitive,caus
tarjitum,tarj,infinitive,
tarjya,tarj,gerund,
tarditum,tfd,infinitive,
tarpayitum,tfp#1,infinitive,caus
tarptum,tfp#1,infinitive,
tarpya,tfp#1,gerund,caus
tarzam,tfz,gerund,
tarzitum,tfz,infinitive,
tavizIyitum,taviza,infinitive,
tavizya,taviza,gerund,
tAqayitum,taq,infinitive,caus
tAqya,taq,gerund,caus
tApayitum,tap,infinitive,caus
tApya,tap,gerund,caus
tArayitum,tF,infinitive,caus
tArya,tF,gerund,caus
tijya,tij,gerund,
titikzitum,tij,infinitive,desid
titikzya,tij,gerund,desid
titIrzitum,tF,infinitive,desid
titIrzya,tF,gerund,desid
tiraya,tiras,gerund,
tirasyitum,tiras,infinitive,
tIrya,tF,gerund,
tudya,tud#1,gerund,
tupya,tup,gerund,
tulayitum,tul,infinitive,
tulayya,tul,gerund,
tuzwUzitum,stu,infinitive,desid
tuzwUzya,stu,gerund,desid
tuzya,tuz,gerund,
tuhinayitum,tuhina,infinitive,
tuhinya,tuhina,gerund,
tUrya,tvar,gerund,
tfdas,tfd,infinitive,
tfdya,tfd,gerund,
tfpya,tfp#1,gerund,
tfzya,tfz,gerund,
tejayitum,tij,infinitive,caus
tejitum,tij,infinitive,
tejya,tij,gerund,caus
tottum,tud#1,infinitive,
topitum,tup,infinitive,
tolayitum,tul,infinitive,
tozayitum,tuz,infinitive,caus
tozwum,tuz,infinitive,
tozya,tuz,gerund,caus
tyaktum,tyaj#1,infinitive,
tyajitum,tyaj#1,infinitive,
tyajya,tyaj#1,gerund,
tyAjayitum,tyaj#1,infinitive,caus
tyAjya,tyaj#1,gerund,caus
trapayitum,trap,infinitive,caus
trapitum,trap,infinitive,
trapya,trap,gerund,
trasitum,tras,infinitive,
trasya,tras,gerund,
trAtum,trE,infinitive,
trAya,trE,gerund,
trAsayitum,tras,infinitive,caus
trAsya,tras,gerund,caus
truwya,truw,gerund,
trowayitum,truw,infinitive,caus
trowitum,truw,infinitive,
trowya,truw,gerund,caus
tvakzitum,tvakz,infinitive,
tvakzya,tvakz,gerund,
tvarayitum,tvar,infinitive,caus
tvaritum,tvar,infinitive,
tvarya,tvar,gerund,
tvizya,tviz#1,gerund,
tvezwum,tviz#1,infinitive,
tsaritum,tsar,infinitive,
tsarya,tsar,gerund,
daMSitum,daMS,infinitive,
dakzitum,dakz,infinitive,
dakzya,dakz,gerund,
dagDum,dah#1,infinitive,
daGitum,daG,infinitive,
daGya,daG,gerund,
daRqayitum,daRqa,infinitive,
daRqya,daRqa,gerund,
daBitum,daB,infinitive,
daBya,daB,gerund,
damayitum,dam#1,infinitive,caus
damitum,dam#1,infinitive,
damya,dam#1,gerund,caus
dayitum,day,infinitive,
dayya,day,gerund,
daritum,dF,infinitive,
darItum,dF,infinitive,
darpayitum,dfp,infinitive,caus
darpitum,dfp,infinitive,
darptum,dfp,infinitive,
darpya,dfp,gerund,caus
darBayitum,dfB,infinitive,caus
darBitum,dfB,infinitive,
darBya,dfB,gerund,caus
darSayitum,dfS#1,infinitive,caus
darSya,dfS#1,gerund,caus
darhitum,dfh,infinitive,
dalitum,dal,infinitive,
dalya,dal,gerund,
daSya,daMS,gerund,
dasitum,das,infinitive,
dasya,das,gerund,
dahitum,dah#1,infinitive,
dahya,dah#1,gerund,
dAtum,dA#1,infinitive,
dAtum,dA#2,infinitive,
dAtum,dA#3,infinitive,
dAnya,dam#1,gerund,
dApayitum,dA#1,infinitive,caus
dApya,dA#1,gerund,caus
dAya,dA#1,gerund,
dAya,dA#2,gerund,
dAyam,dA#1,gerund,
dArayitum,dF,infinitive,caus
dArya,dF,gerund,caus
dAvayitum,du,infinitive,caus
dAvya,du,gerund,caus
dASayitum,dAS#1,infinitive,caus
dASitum,dAS#1,infinitive,
dASya,dAS#1,gerund,
dAsayitum,das,infinitive,caus
dAsya,das,gerund,caus
dAhayitum,dah#1,infinitive,caus
dAhya,dah#1,gerund,caus
ditsitum,dA#1,infinitive,desid
ditsya,dA#1,gerund,desid
didikzitum,diS#1,infinitive,desid
didikzya,diS#1,gerund,desid
didfkzitum,dfS#1,infinitive,desid
didfkzya,dfS#1,gerund,desid
diDizitum,DA#1,infinitive,desid
diDizya,DA#1,gerund,desid
diDyAsitum,DyA,infinitive,desid
diDyAsya,DyA,gerund,desid
diSya,diS#1,gerund,
dihya,dih,gerund,
dIkzayitum,dIkz,infinitive,caus
dIkzitum,dIkz,infinitive,
dIkzya,dIkz,gerund,
dIpayitum,dIp,infinitive,caus
dIpitum,dIp,infinitive,
dIpya,dIp,gerund,
dIya,dA#3,gerund,
dIrya,dF,gerund,
dIvitum,dIv#1,infinitive,
duHKya,duHKa,gerund,
duHKyitum,duHKa,infinitive,
dutya,du,gerund,
dudUzitum,du,infinitive,desid
dudUzya,du,gerund,desid
dudrUzitum,dru#1,infinitive,desid
dudrUzya,dru#1,gerund,desid
duDukzitum,duh#1,infinitive,desid
duDukzya,duh#1,gerund,desid
durdinAyitum,durdina,infinitive,
durdinya,durdina,gerund,
duzya,duz,gerund,
duhya,duh#1,gerund,
dUzayitum,duz,infinitive,caus
dUzya,duz,gerund,caus
dfpya,dfp,gerund,
dfBya,dfB,gerund,
dfSya,dfS#1,gerund,
dfhya,dfh,gerund,
degDum,dih,infinitive,
devayitum,deva,infinitive,
devayitum,dev,infinitive,caus
devayitum,dIv#1,infinitive,caus
devitum,dev,infinitive,
devya,dev,gerund,
devya,deva,gerund,
devya,dIv#1,gerund,caus
deSayitum,diS#1,infinitive,caus
deSya,diS#1,gerund,caus
dezwum,diS#1,infinitive,
dehayitum,dih,infinitive,caus
dehya,dih,gerund,caus
dogDum,duh#1,infinitive,
dotum,du,infinitive,
dolayitum,dola,infinitive,
dolya,dola,gerund,
dozwum,duz,infinitive,
dohayitum,duh#1,infinitive,caus
dohya,duh#1,gerund,caus
dyutya,dyut#1,gerund,
dyUya,dIv#1,gerund,
dyotayitum,dyut#1,infinitive,caus
dyotitum,dyut#1,infinitive,
dyotya,dyut#1,gerund,caus
drazwum,dfS#1,infinitive,
drAtum,drA#1,infinitive,
drAtum,drA#2,infinitive,
drApayitum,drA#1,infinitive,caus
drApya,drA#1,gerund,caus
drAya,drA#1,gerund,
drAya,drA#2,gerund,
drArayitum,druh#1,infinitive,caus
drArya,druh#1,gerund,caus
drAvayitum,dru#1,infinitive,caus
drAvya,dru#1,gerund,caus
drutya,dru#1,gerund,
druhya,druh#1,gerund,
drogDum,druh#1,infinitive,
drotum,dru#1,infinitive,
drohitum,druh#1,infinitive,
dvizya,dviz#1,gerund,
dvezwum,dviz#1,infinitive,
DanAyitum,Dana,infinitive,
DanIyitum,Dana,infinitive,
Danya,Dana,gerund,
Dartum,Df,infinitive,
Darzayitum,Dfz,infinitive,caus
Darzitum,Dfz,infinitive,
Darzya,Dfz,gerund,caus
Davitum,DU#1,infinitive,
DAtum,DA#1,infinitive,
DAtum,DA#2,infinitive,
DApayitum,DA#1,infinitive,caus
DApya,DA#1,gerund,caus
DAya,DA#1,gerund,
DArayitum,Df,infinitive,caus
DArayya,Df,gerund,caus
DAritum,Df,infinitive,caus
DAvitum,DAv#1,infinitive,
DAvitum,DAv#2,infinitive,
DAvya,DAv#1,gerund,
DAvya,DAv#2,gerund,
Ditsitum,DA#1,infinitive,desid
Ditsya,DA#1,gerund,desid
DIya,DI#1,gerund,
DIya,DA#2,gerund,
DIrayitum,DIra#1,infinitive,
DIrya,DIra#1,gerund,
Dukzayitum,Dukz,infinitive,caus
Dukzitum,Dukz,infinitive,
Dukzya,Dukz,gerund,
Duya,DU#1,gerund,
DUmAyitum,DUma,infinitive,
DUmya,DUma,gerund,
DUya,DU#1,gerund,
DUrtya,Dvf,gerund,
Dftya,Df,gerund,
Dfzya,Dfz,gerund,
Detum,DI#1,infinitive,
DmAtum,Dam,infinitive,
DmAya,Dam,gerund,
DyAtum,DyA,infinitive,
DyAya,DyA,gerund,
Drutya,Dru,gerund,
Drotum,Dru,infinitive,
DvaMsayitum,DvaMs,infinitive,caus
DvaMsitum,DvaMs,infinitive,
DvaMsya,DvaMs,gerund,caus
Dvanayitum,Dvan,infinitive,caus
Dvanitum,Dvan,infinitive,
Dvartum,Dvf,infinitive,
Dvasya,DvaMs,gerund,
DvANkzitum,DvANkz,infinitive,
DvANkzya,DvANkz,gerund,
DvAnya,Dvan,gerund,
DvArayitum,Dvf,infinitive,caus
DvArya,Dvf,gerund,caus
naMzwum,naS#1,infinitive,
natya,nam,gerund,
nadayitum,nad,infinitive,caus
naditum,nad,infinitive,
nadDum,nah,infinitive,
nadya,nad,gerund,
nantum,nam,infinitive,
nandayitum,nand,infinitive,caus
nanditum,nand,infinitive,
nandya,nand,gerund,
namaya,namas,gerund,
namasyitum,namas,infinitive,
namitum,nam,infinitive,
namya,nam,gerund,
nayitum,nI#1,infinitive,
nartayitum,nft,infinitive,caus
nartitum,nft,infinitive,
narttum,nft,infinitive,
nartya,nft,gerund,caus
narditum,nard,infinitive,
nardya,nard,gerund,
navitum,nu#1,infinitive,
naSitum,naS#1,infinitive,
naSya,naS#1,gerund,
nazwum,naS#1,infinitive,
nahya,nah,gerund,
nATitum,nAT,infinitive,
nATya,nAT,gerund,
nAdayitum,nad,infinitive,caus
nAdya,nad,gerund,caus
nAmayitum,nam,infinitive,caus
nAmya,nam,gerund,caus
nAyayitum,nI#1,infinitive,caus
nAyya,nI#1,gerund,caus
nAvyitum,nO#1,infinitive,
nASayitum,naS#1,infinitive,caus
nASya,naS#1,gerund,caus
nikazAyitum,nikaza,infinitive,
nikazya,nikaza,gerund,
nijya,nij,gerund,
niYjitum,nij,infinitive,
ninadizitum,nad,infinitive,desid
ninadizya,nad,gerund,desid
ninartizitum,nft,infinitive,desid
ninartizya,nft,gerund,desid
ninIzitum,nI#1,infinitive,desid
ninIzya,nI#1,gerund,desid
ninftsitum,nft,infinitive,desid
ninftsya,nft,gerund,desid
ninditum,nind,infinitive,
nindya,nind,gerund,
nIya,nI#1,gerund,
nIhArAyitum,nIhAra,infinitive,
nIhArya,nIhAra,gerund,
nutya,nu#1,gerund,
nudya,nud,gerund,
nftya,nft,gerund,
nektum,nij,infinitive,
nejayitum,nij,infinitive,caus
nejya,nij,gerund,caus
netum,nI#1,infinitive,
nenikzitum,nij,infinitive,desid
nenikzya,nij,gerund,desid
nottum,nud,infinitive,
nodayitum,nud,infinitive,caus
nodya,nud,gerund,caus
nya,nO#1,gerund,
paktum,pac,infinitive,
pakya,pac,gerund,
pawapawAyitum,pawapawA,infinitive,
pawapawya,pawapawA,gerund,
pawitum,paw,infinitive,
pawya,paw,gerund,
paWitum,paW,infinitive,
paWya,paW,gerund,
paRayitum,paR,infinitive,caus
paRitum,paR,infinitive,
paRya,paR,gerund,
patitum,pat#1,infinitive,
pattum,pad#1,infinitive,
patya,pat#1,gerund,
patya,pat#2,gerund,
paTitum,paT,infinitive,
paTya,paT,gerund,
padya,pad#1,gerund,
payaya,payas,gerund,
payasyitum,payas,infinitive,
payAyitum,payas,infinitive,
parcitum,pfc,infinitive,
partum,pf#1,infinitive,
parTayitum,pfT,infinitive,
parzitum,pfz,infinitive,
palAyitum,palAy,infinitive,
palAyya,palAy,gerund,
pavitum,pU#1,infinitive,
pavitrayitum,pavitra,infinitive,
pavitrya,pavitra,gerund,
pAcayitum,pac,infinitive,caus
pAcya,pac,gerund,caus
pAwayitum,paw,infinitive,caus
pAwya,paw,gerund,caus
pAWayitum,paW,infinitive,caus
pAWya,paW,gerund,caus
pAtayitum,pat#1,infinitive,caus
pAtum,pA#1,infinitive,
pAtum,pA#2,infinitive,
pAtya,pat#1,gerund,caus
pATayitum,paT,infinitive,caus
pATya,paT,gerund,caus
pAdayitum,pad#1,infinitive,caus
pAdya,pad#1,gerund,caus
pAyam,pA#1,gerund,
pAyayitum,pA#1,infinitive,caus
pAyya,pA#1,gerund,caus
pArayitum,pf#1,infinitive,caus
pArayitum,pF,infinitive,caus
pArayya,pF,gerund,caus
pArya,pf#1,gerund,caus
pAlayitum,pA#2,infinitive,caus
pAlya,pA#2,gerund,caus
pASayitum,pASa,infinitive,
pASya,pASa,gerund,
pijya,piYj,gerund,
piYjitum,piYj,infinitive,
piRqayitum,piRqa,infinitive,
piRqya,piRqa,gerund,
pipakzitum,pac,infinitive,desid
pipakzya,pac,gerund,desid
pipaWizitum,paW,infinitive,desid
pipaWizya,paW,gerund,desid
pipatizitum,pat#1,infinitive,desid
pipatizya,pat#1,gerund,desid
pipAsitum,pA#1,infinitive,desid
pipAsitum,pA#2,infinitive,desid
pipAsya,pA#1,gerund,desid
pipAsya,pA#2,gerund,desid
piprIzitum,prI,infinitive,desid
piprIzya,prI,gerund,desid
piSya,piS#1,gerund,
pizya,piz,gerund,
pIqayitum,pIq,infinitive,
pIqya,pIq,gerund,
pIya,pA#1,gerund,
pIya,pA#2,gerund,
pIya,pi#2,gerund,
pIyUzavarzAyitum,pIyUzavarza,infinitive,
pIyUzavarzya,pIyUzavarza,gerund,
putrakAmya,putrakAma,gerund,
putrakAmyitum,putrakAma,infinitive,
putriyitum,putra,infinitive,
putrIyitum,putra,infinitive,
putrya,putra,gerund,
puTya,puT,gerund,
pupUrzitum,pF,infinitive,desid
pupUrzya,pF,gerund,desid
pulakayitum,pulaka,infinitive,
pulakya,pulaka,gerund,
puzkarAyitum,puzkara,infinitive,
puzkarya,puzkara,gerund,
puzpAyitum,puzpa,infinitive,
puzpya,puzpa,gerund,
puzpyitum,puzpa,infinitive,
puzya,puz#1,gerund,
pUjayitum,pUj,infinitive,
pUjya,pUj,gerund,
pUya,pUy,gerund,
pUya,pU#1,gerund,
pUyitum,pUy,infinitive,
pUrayitum,pF,infinitive,caus
pUrayya,pF,gerund,caus
pUritum,pF,infinitive,
pUrya,pF,gerund,
pUlatya,pUla,gerund,
pUlayitum,pUla,infinitive,
pUletum,pUla,infinitive,
pUlya,pUla,gerund,
pfcCam,praS,gerund,
pfcCya,praS,gerund,
pfcya,pfc,gerund,
pfTayya,pfT,gerund,
pfzya,pfz,gerund,
petum,pi#2,infinitive,
peSitum,piS#1,infinitive,
pezwum,piz,infinitive,
poTayitum,puT,infinitive,caus
poTitum,puT,infinitive,
poTya,puT,gerund,caus
pozayitum,puz#1,infinitive,caus
pozwum,puz#1,infinitive,
pozya,puz#1,gerund,caus
pyAtum,pyA,infinitive,
pyAya,pyA,gerund,
pracCayitum,praS,infinitive,caus
pracCya,praS,gerund,caus
pratikUlayitum,pratikUla,infinitive,
pratikUlya,pratikUla,gerund,
praTayitum,praT,infinitive,caus
praTitum,praT,infinitive,
praTya,praT,gerund,
prazwum,praS,infinitive,
prasAdayitum,prasAda,infinitive,
prasAdya,prasAda,gerund,
prAvayitum,pru,infinitive,caus
prAvya,pru,gerund,caus
prAsAdIyitum,prAsAda,infinitive,
prAsAdya,prAsAda,gerund,
pritya,pf#1,gerund,
priyAyitum,priya,infinitive,
priyya,priya,gerund,
prIRayitum,prI,infinitive,caus
prIRya,prI,gerund,caus
prIya,prI,gerund,
prUtya,pru,gerund,
pretum,prI,infinitive,
protum,pru,infinitive,
plAvayitum,plu,infinitive,caus
plAvya,plu,gerund,caus
plutya,plu,gerund,
pluzya,pluz,gerund,
plUya,plu,gerund,
plotum,plu,infinitive,
plozitum,pluz,infinitive,
Palitum,Pal,infinitive,
Palya,Pal,gerund,
Pullitum,Pull,infinitive,
Pullya,Pull,gerund,
PenAyitum,Pena,infinitive,
Penya,Pena,gerund,
baMhayitum,baMh,infinitive,caus
baMhitum,baMh,infinitive,
baMhya,baMh,gerund,caus
baDya,banD,gerund,
bandDum,banD,infinitive,
banDayitum,banD,infinitive,caus
banDitum,banD,infinitive,
banDya,banD,gerund,caus
barhitum,bfh#1,infinitive,
barhitum,bfh#2,infinitive,
balitum,bal,infinitive,
bahya,baMh,gerund,
bADayitum,bAD,infinitive,caus
bADitum,bAD,infinitive,
bADya,bAD,gerund,
bAzpAyitum,bAzpa,infinitive,
bAzpya,bAzpa,gerund,
bIBatsitum,bAD,infinitive,desid
bIBatsya,bAD,gerund,desid
buDya,buD#1,gerund,
buBukzitum,Buj#2,infinitive,desid
buBukzya,Buj#2,gerund,desid
buButsitum,buD#1,infinitive,desid
buButsya,buD#1,gerund,desid
buBUzitum,BU#1,infinitive,desid
buBUzya,BU#1,gerund,desid
buBodizitum,buD#1,infinitive,desid
buBodizya,buD#1,gerund,desid
buBoDizitum,buD#1,infinitive,desid
buBoDizya,buD#1,gerund,desid
bfMhayitum,bfh#1,infinitive,caus
bfMhya,bfh#1,gerund,caus
bfhya,bfh#1,gerund,
bfhya,bfh#2,gerund,
bodDum,buD#1,infinitive,
boDayitum,buD#1,infinitive,caus
boDya,buD#1,gerund,caus
Baktum,Baj,infinitive,
Bakzayitum,Bakz,infinitive,caus
Bakzayya,Bakz,gerund,caus
Bakzitum,Bakz,infinitive,
Bakzya,Bakz,gerund,
Bagya,BaYj,gerund,
BaNktum,BaYj,infinitive,
Bajitum,Baj,infinitive,
Bajya,Baj,gerund,
BaYjayitum,BaYj,infinitive,caus
BaYjya,BaYj,gerund,caus
BaRitum,BaR,infinitive,
BaRqitum,BaRq,infinitive,
BaRqya,BaRq,gerund,
BaRya,BaR,gerund,
Banditum,Band,infinitive,
Bandya,Band,gerund,
Bartum,Bf,infinitive,
Bartsayitum,Barts,infinitive,
Bartsya,Barts,gerund,
Barzwum,Bfjj,infinitive,
Bavitum,BU#1,infinitive,
Bazwum,Baz,infinitive,
Bazya,Baz,gerund,
Basitum,Bas,infinitive,
Basya,Bas,gerund,
BAtum,BA#1,infinitive,
BAya,BA#1,gerund,
BAyayitum,BI#1,infinitive,caus
BAyya,BI#1,gerund,caus
BArayitum,Bf,infinitive,caus
BArya,Bf,gerund,caus
BAvam,BU#1,gerund,
BAvayitum,BU#1,infinitive,caus
BAvitum,BU#1,infinitive,caus
BAvya,BU#1,gerund,caus
BAzitum,BAz,infinitive,
BAzwum,BAz,infinitive,
BAzya,BAz,gerund,
BAsayitum,BAs#1,infinitive,caus
BAsitum,BAs#1,infinitive,
BAsya,BAs#1,gerund,
Bikzitum,Baj,infinitive,desid
Bikzya,Baj,gerund,desid
Bidya,Bid#1,gerund,
Bizajyitum,Bizaj,infinitive,
Bizaya,Bizaj,gerund,
BIya,BI#1,gerund,
BIzayitum,BI#1,infinitive,caus
BIzya,BI#1,gerund,caus
Bugya,Buj#1,gerund,
Bujya,Buj#2,gerund,
BuYjApayitum,Buj#2,infinitive,caus
BuYjApya,Buj#2,gerund,caus
BUya,BU#1,gerund,
BUzayitum,BUz,infinitive,caus
BUzitum,BUz,infinitive,
BUzya,BUz,gerund,
Bfjya,Bfjj,gerund,
Bftya,Bf,gerund,
BfSAyitum,BfSa,infinitive,
BfSya,BfSa,gerund,
Betum,BI#1,infinitive,
Bettum,Bid#1,infinitive,
Bedayitum,Bid#1,infinitive,caus
Bedya,Bid#1,gerund,caus
Boktum,Buj#1,infinitive,
Boktum,Buj#2,infinitive,
Bojam,Buj#1,gerund,
Bojayitum,Buj#2,infinitive,caus
Bojya,Buj#2,gerund,caus
BraMSayitum,BraMS,infinitive,caus
BraMSitum,BraMS,infinitive,
BraMSya,BraMS,gerund,caus
Bramitum,Bram,infinitive,
BraSya,BraMS,gerund,
Brazwum,Bfjj,infinitive,
BrAjayitum,BrAj,infinitive,caus
BrAjitum,BrAj,infinitive,
BrAjya,BrAj,gerund,
BrARya,Bram,gerund,
BrAmayitum,Bram,infinitive,caus
BrAmya,Bram,gerund,caus
maMhayitum,maMh,infinitive,caus
maMhitum,maMh,infinitive,
maMhya,maMh,gerund,caus
magya,majj,gerund,
maNktum,majj,infinitive,
majjayitum,majj,infinitive,caus
majjitum,majj,infinitive,
majjya,majj,gerund,caus
maRqayitum,maRq,infinitive,caus
maRqitum,maRq,infinitive,
maRqya,maRq,gerund,
matya,man,gerund,
maTya,manT,gerund,
madayitum,mad#1,infinitive,caus
maditum,mad#1,infinitive,
madya,mad#1,gerund,
maDusyitum,maDu,infinitive,
maDya,maDu,gerund,
maDvasyitum,maDu,infinitive,
manitum,man,infinitive,
mantum,man,infinitive,
mantUyitum,mantu,infinitive,
mantya,mantu,gerund,
mantrayitum,mantra,infinitive,
mantrya,mantra,gerund,
manTitum,manT,infinitive,
mandayitum,mand#1,infinitive,caus
manditum,mand#1,infinitive,
mandya,mand#1,gerund,
manya,man,gerund,
marqitum,mfq,infinitive,
martum,mf,infinitive,
mardayitum,mfd#1,infinitive,caus
marditum,mfd#1,infinitive,
mardya,mfd#1,gerund,caus
marDitum,mfD,infinitive,
marSayitum,mfS,infinitive,caus
marSya,mfS,gerund,caus
marzayitum,mfz,infinitive,caus
marzitum,mfz,infinitive,
marzwum,mfS,infinitive,
marzya,mfz,gerund,caus
malinayitum,malina,infinitive,
malinya,malina,gerund,
mahayitum,mah,infinitive,caus
mahitum,mah,infinitive,
mahIyitum,mahI#2,infinitive,
mahya,mah,gerund,
mahya,mahI#2,gerund,
mahya,maMh,gerund,
mAMsIyitum,mAMsa,infinitive,
mAMsya,mAMsa,gerund,
mAtum,mA#1,infinitive,
mAtum,mA#3,infinitive,
mAtum,mA#4,infinitive,
mAdayitum,mad#1,infinitive,caus
mAdya,mad#1,gerund,caus
mAnayitum,man,infinitive,caus
mAnya,man,gerund,caus
mApayitum,mA#1,infinitive,caus
mApya,mA#1,gerund,caus
mAya,mA#1,gerund,
mAya,man,gerund,
mArayitum,mf,infinitive,caus
mArgayitum,mArg,infinitive,
mArgya,mArg,gerund,
mArjayitum,mfj,infinitive,caus
mArjitum,mfj,infinitive,
mArjya,mfj,gerund,caus
mArya,mf,gerund,caus
mArzwum,mfj,infinitive,
mAlayitum,mAlA,infinitive,
mAlya,mAlA,gerund,
mAlyaguRAyitum,mAlyaguRa,infinitive,
mAlyaguRya,mAlyaguRa,gerund,
mitya,mi,gerund,
miTya,miT,gerund,
militum,mil,infinitive,
milya,mil,gerund,
miSrayitum,miSra,infinitive,
miSrya,miSra,gerund,
mizya,miz,gerund,
mihya,mih,gerund,
mImAMsitum,man,infinitive,desid
mImAMsya,man,gerund,desid
mIya,mI,gerund,
mIya,mA#3,gerund,
mIya,mA#4,gerund,
mIlayitum,mIl,infinitive,caus
mIlitum,mIl,infinitive,
mIlya,mIl,gerund,
mukulayitum,mukula,infinitive,
mukulya,mukula,gerund,
muKarayitum,muKara,infinitive,
muKarya,muKara,gerund,
mucya,muc#1,gerund,
muRqayitum,muRqa,infinitive,
muRqya,muRqa,gerund,
mudya,mud#1,gerund,
mudrayitum,mudrA,infinitive,
mudrya,mudrA,gerund,
mumukzitum,muc#1,infinitive,desid
mumukzya,muc#1,gerund,desid
mumUrzitum,mf,infinitive,desid
mumUrzya,mf,gerund,desid
muzya,muz#1,gerund,
muhya,muh,gerund,
mUtrayitum,mUtra,infinitive,
mUtrya,mUtra,gerund,
mUrcCitum,mUrcC,infinitive,
mUrcCya,mUrcC,gerund,
mUrCayitum,mUrC,infinitive,caus
mUrCitum,mUrC,infinitive,
mUrCya,mUrC,gerund,
mUrya,mUrC,gerund,
mfgayitum,mfga,infinitive,
mfgya,mfga,gerund,
mfjya,mfj,gerund,
mfqayitum,mfq,infinitive,
mfqayya,mfq,gerund,
mfqya,mfq,gerund,
mftya,mf,gerund,
mfdya,mfd#1,gerund,
mfDya,mfD,gerund,
mfSya,mfS,gerund,
mfzAyitum,mfzA,infinitive,
mfzya,mfz,gerund,
mfzya,mfzA,gerund,
meGAyitum,meGa,infinitive,
meGya,meGa,gerund,
meQum,mih,infinitive,
metum,mi,infinitive,
metum,mI,infinitive,
meTitum,miT,infinitive,
meDayitum,meDA,infinitive,
meDya,meDA,gerund,
melApayitum,mil,infinitive,caus
melApya,mil,gerund,caus
mezitum,miz,infinitive,
moktum,muc#1,infinitive,
mokzayitum,mokz,infinitive,
mokzitum,mokz,infinitive,
mokzya,mokz,gerund,
mogDum,muh,infinitive,
mocayitum,muc#1,infinitive,caus
mocitum,muc#1,infinitive,caus
mocya,muc#1,gerund,caus
modayitum,mud#1,infinitive,caus
moditum,mud#1,infinitive,
modya,mud#1,gerund,caus
mozitum,muz#1,infinitive,
mohayitum,muh,infinitive,caus
mohitum,muh,infinitive,
mohya,muh,gerund,caus
mnAtum,mnA,infinitive,
mnAya,mnA,gerund,
mreqayitum,mreq,infinitive,caus
mreqya,mreq,gerund,caus
mlAtum,mlA,infinitive,
mlAya,mlA,gerund,
mliCya,mlecC,gerund,
mlecCitum,mlecC,infinitive,
mlecCya,mlecC,gerund,
yatitum,yat#1,infinitive,
yatya,yat#1,gerund,
yantum,yam,infinitive,
yantrayitum,yantra,infinitive,
yantrya,yantra,gerund,
yabDum,yaB,infinitive,
yaBya,yaB,gerund,
yamayitum,yam,infinitive,caus
yamitum,yam,infinitive,
yamya,yam,gerund,
yavitum,yu#1,infinitive,
yavitum,yu#2,infinitive,
yazwum,yaj#1,infinitive,
yasitum,yas,infinitive,
yasya,yas,gerund,
yAcitum,yAc,infinitive,
yAcya,yAc,gerund,
yAjayitum,yaj#1,infinitive,caus
yAjya,yaj#1,gerund,caus
yAtayitum,yat#1,infinitive,caus
yAtum,yA#1,infinitive,
yAtya,yat#1,gerund,caus
yApayitum,yA#1,infinitive,caus
yApya,yA#1,gerund,caus
yAya,yA#1,gerund,
yAvayitum,yu#2,infinitive,caus
yAvya,yu#2,gerund,caus
yiyakzitum,yaj#1,infinitive,desid
yiyakzya,yaj#1,gerund,desid
yiyatizitum,yat#1,infinitive,desid
yiyatizya,yat#1,gerund,desid
yiyAsitum,yA#1,infinitive,desid
yiyAsya,yA#1,gerund,desid
yujya,yuj#1,gerund,
yutya,yu#1,gerund,
yutya,yu#2,gerund,
yuDya,yuD#1,gerund,
yuyukzitum,yuj#1,infinitive,desid
yuyukzya,yuj#1,gerund,desid
yuyutsitum,yuD#1,infinitive,desid
yuyutsya,yuD#1,gerund,desid
yoktum,yuj#1,infinitive,
yojayitum,yuj#1,infinitive,caus
yojya,yuj#1,gerund,caus
yodDum,yuD#1,infinitive,
raMhitum,raMh,infinitive,
raMhya,raMh,gerund,
rakzayitum,rakz,infinitive,caus
rakzitum,rakz,infinitive,
rakzya,rakz,gerund,
raNktum,raYj,infinitive,
racayitum,rac,infinitive,
racayya,rac,gerund,
rajya,raYj,gerund,
raYjayitum,raYj,infinitive,caus
raYjya,raYj,gerund,caus
raRitum,raR,infinitive,
raRya,raR,gerund,
raTakAmya,raTakAma,gerund,
raTakAmyitum,raTakAma,infinitive,
raditum,rad,infinitive,
radDum,raD,infinitive,
radya,rad,gerund,
raDitum,raD,infinitive,
raDya,raD,gerund,
rantum,ram,infinitive,
ranDayitum,raD,infinitive,caus
ranDya,raD,gerund,caus
rabDum,raB,infinitive,
raBya,raB,gerund,
ramayitum,ram,infinitive,caus
ramitum,ram,infinitive,
ramya,ram,gerund,caus
raya,ram,gerund,
ravitum,ru,infinitive,
rasayitum,rasa,infinitive,
rasya,rasa,gerund,
rahayitum,rah,infinitive,
rahayya,rah,gerund,
rAjaya,rAjan,gerund,
rAjayitum,rAj#1,infinitive,caus
rAjitum,rAj#1,infinitive,
rAjIyitum,rAjan,infinitive,
rAjya,rAj#1,gerund,
rAtum,rA#1,infinitive,
rAdDum,rAD,infinitive,
rADayitum,rAD,infinitive,caus
rADya,rAD,gerund,
rAmayitum,ram,infinitive,caus
rAmya,ram,gerund,caus
rAya,rA#1,gerund,
ricya,ric,gerund,
ripsitum,raB,infinitive,desid
ripsya,raB,gerund,desid
riraMsitum,ram,infinitive,desid
riraMsya,ram,gerund,desid
rirakzizitum,rakz,infinitive,desid
rirakzizya,rakz,gerund,desid
rirADayizitum,rAD,infinitive,desid
rirADayizya,rAD,gerund,desid
rizya,riz,gerund,
rIya,ri,gerund,
rucya,ruc#1,gerund,
rujya,ruj#1,gerund,
rutya,ru,gerund,
rudya,rud#1,gerund,
ruDya,ruD#1,gerund,
ruDya,ruD#2,gerund,
rurukzitum,ruh#1,infinitive,desid
rurukzya,ruh#1,gerund,desid
ruzya,ruz#1,gerund,
ruhya,ruh#1,gerund,
rUkzayitum,rUkza,infinitive,
rUkzya,rUkza,gerund,
rUpayitum,rUp,infinitive,
rUpya,rUp,gerund,
rektum,ric,infinitive,
recayitum,ric,infinitive,caus
recya,ric,gerund,caus
retum,ri,infinitive,
rezayitum,riz,infinitive,caus
rezitum,riz,infinitive,
rezwum,riz,infinitive,
rezya,riz,gerund,caus
roktum,ruj#1,infinitive,
rocayitum,ruc#1,infinitive,caus
rocitum,ruc#1,infinitive,
rocya,ruc#1,gerund,caus
roQum,ruh#1,infinitive,
rodayitum,rud#1,infinitive,caus
roditum,rud#1,infinitive,
rodDum,ruD#1,infinitive,
rodDum,ruD#2,infinitive,
rodya,rud#1,gerund,caus
roDayitum,ruD#2,infinitive,caus
roDya,ruD#2,gerund,caus
ropayitum,ruh#1,infinitive,caus
ropya,ruh#1,gerund,caus
romanTAyitum,romanTa,infinitive,
romanTya,romanTa,gerund,
rozayitum,ruz#1,infinitive,caus
rozitum,ruz#1,infinitive,
rozwum,ruz#1,infinitive,
rozya,ruz#1,gerund,caus
rohayitum,ruh#1,infinitive,caus
rohya,ruh#1,gerund,caus
lakzayitum,lakz,infinitive,
lakzya,lakz,gerund,
lagitum,lag,infinitive,
lagya,lag,gerund,
laGayitum,laGa,infinitive,
laGya,laGa,gerund,
laNgitum,laNg,infinitive,
laNgya,laNg,gerund,
laNGayitum,laNG,infinitive,caus
laNGitum,laNG,infinitive,
laNGya,laNG,gerund,
lajjayitum,lajj,infinitive,caus
lajjitum,lajj,infinitive,
lajjya,lajj,gerund,
lapitum,lap,infinitive,
lapya,lap,gerund,
labDum,laB,infinitive,
laBitum,laB,infinitive,
laBya,laB,gerund,
lambitum,lamb,infinitive,
lambya,lamb,gerund,
lamBayitum,laB,infinitive,caus
lamBya,laB,gerund,caus
lalitum,lal,infinitive,
lalya,lal,gerund,
lavaRasyitum,lavaRa,infinitive,
lavaRya,lavaRa,gerund,
lavitum,lU#1,infinitive,
lazitum,laz,infinitive,
lazya,laz,gerund,
lasitum,las,infinitive,
lasya,las,gerund,
lAYCitum,lAYC,infinitive,
lAYCya,lAYC,gerund,
lApayitum,lap,infinitive,caus
lApya,lap,gerund,caus
lAlayitum,lal,infinitive,caus
lAlAya,lAlA,gerund,
lAlAyitum,lAlA,infinitive,
lAlya,lal,gerund,caus
lAzayitum,laz,infinitive,caus
lAzya,laz,gerund,caus
lAsayitum,las,infinitive,caus
lAsya,las,gerund,caus
liKitum,liK,infinitive,
liKya,liK,gerund,
lipya,lip,gerund,
lipsitum,laB,infinitive,desid
lipsya,laB,gerund,desid
lilazizitum,laz,infinitive,desid
lilazizya,laz,gerund,desid
liSya,liS,gerund,
lihya,lih#1,gerund,
lIya,lI,gerund,
luRWayitum,luRW,infinitive,caus
luRWitum,luRW,infinitive,
luRWya,luRW,gerund,
lupya,lup,gerund,
luBya,luB,gerund,
lulya,lul,gerund,
lUya,lU#1,gerund,
leKayitum,liK,infinitive,caus
leKitum,liK,infinitive,
leKya,liK,gerund,caus
leQum,lih#1,infinitive,
letum,lI,infinitive,
lepayitum,lip,infinitive,caus
leptum,lip,infinitive,
lepya,lip,gerund,caus
lelAya,lelA,gerund,
lelAyitum,lelA,infinitive,
lezwum,liS,infinitive,
lokayitum,lok,infinitive,
lokitum,lok,infinitive,
lokya,lok,gerund,
locitum,loc,infinitive,
locya,loc,gerund,
loWayitum,luRW,infinitive,caus
loWya,luRW,gerund,caus
loptum,lup,infinitive,
lobDum,luB,infinitive,
loBayitum,luB,infinitive,caus
loBitum,luB,infinitive,
loBya,luB,gerund,caus
lolitum,lul,infinitive,
lohitAyitum,lohita,infinitive,
lohitya,lohita,gerund,
vaktum,vac,infinitive,
vakzayitum,vakz,infinitive,caus
vakzya,vakz,gerund,caus
vaYcayitum,vaYc,infinitive,caus
vaYcitum,vaYc,infinitive,
vaYcya,vaYc,gerund,
vatya,van,gerund,
vaditum,vad,infinitive,
vanitum,van,infinitive,
vanttum,vand,infinitive,
vandya,vand,gerund,
vanya,van,gerund,
vapitum,vap#2,infinitive,
vaptum,vap#1,infinitive,
vaptum,vap#2,infinitive,
vamitum,vam,infinitive,
varayitum,vf#2,infinitive,caus
varitum,vf#1,infinitive,
varitum,vf#2,infinitive,
varivaya,varivas,gerund,
varivasyitum,varivas,infinitive,
varItum,vf#1,infinitive,
varItum,vf#2,infinitive,
varjayitum,vfj,infinitive,caus
varjayya,vfj,gerund,caus
varjitum,vfj,infinitive,
varRayitum,varRa,infinitive,
varRya,varRa,gerund,
vartayitum,vft#1,infinitive,caus
vartitum,vft#1,infinitive,
varttum,vft#1,infinitive,
vartya,vft#1,gerund,caus
varDayitum,vfD#1,infinitive,caus
varDitum,vfD#1,infinitive,
varDya,vfD#1,gerund,caus
varya,vf#2,gerund,caus
varzayitum,vfz,infinitive,caus
varzitum,vfz,infinitive,
varzya,vfz,gerund,caus
varhitum,vfh,infinitive,
valayitum,val,infinitive,caus
valitum,val,infinitive,
valgitum,valg,infinitive,
valgUyitum,valgu,infinitive,
valgya,valg,gerund,
valgya,valgu,gerund,
valya,val,gerund,
vaSitum,vaS,infinitive,
vasitum,vas#1,infinitive,
vasitum,vas#2,infinitive,
vasitum,vas#4,infinitive,
vastum,vas#1,infinitive,
vasya,vas#2,gerund,
vahitum,vah#1,infinitive,
vAcayitum,vac,infinitive,caus
vAcya,vac,gerund,caus
vAcyitum,vAc,infinitive,
vAYCitum,vAYC,infinitive,
vAYCya,vAYC,gerund,
vAtum,vA#2,infinitive,
vAtum,vA#3,infinitive,
vAdam,vad,gerund,
vAdayitum,vad,infinitive,caus
vAdya,vad,gerund,caus
vAnya,vam,gerund,
vApayitum,vA#2,infinitive,caus
vApayitum,vap#2,infinitive,caus
vApya,vA#2,gerund,caus
vApya,vap#2,gerund,caus
vAya,vAc,gerund,
vAya,vA#2,gerund,
vArayitum,vf#1,infinitive,caus
vArya,vf#1,gerund,caus
vASitum,vAS,infinitive,
vASya,vAS,gerund,
vAsayitum,vAsa#3,infinitive,
vAsayitum,vas#1,infinitive,caus
vAsayitum,vas#2,infinitive,caus
vAsya,vAsa#3,gerund,
vAsya,vas#1,gerund,caus
vAsya,vas#2,gerund,caus
vAhayitum,vah#1,infinitive,caus
vAhya,vah#1,gerund,caus
vigya,vij,gerund,
vicya,vic,gerund,
vijitum,vij,infinitive,
vidya,vid#1,gerund,
vidya,vid#2,gerund,
viDya,viD#1,gerund,
viDya,vyaD,gerund,
vimanAyitum,vimanA,infinitive,
vimanya,vimanA,gerund,
vivakzitum,vac,infinitive,desid
vivakzya,vac,gerund,desid
vivatsitum,vas#1,infinitive,desid
vivatsya,vas#1,gerund,desid
vivikzitum,vic,infinitive,desid
vivikzitum,viS#1,infinitive,desid
vivikzya,vic,gerund,desid
vivikzya,viS#1,gerund,desid
vivitsitum,vid#1,infinitive,desid
vivitsya,vid#1,gerund,desid
vividizitum,vid#1,infinitive,desid
vividizya,vid#1,gerund,desid
viSadayitum,viSada,infinitive,
viSadya,viSada,gerund,
viSya,viS#1,gerund,
vizAyitum,vizA,infinitive,
vizya,vizA,gerund,
vizya,viz#1,gerund,
vIjitum,vIj,infinitive,
vIjya,vIj,gerund,
vIya,vI#1,gerund,
vIya,vyA,gerund,
vfjya,vfj,gerund,
vftya,vft#1,gerund,
vftya,vf#1,gerund,
vftya,vf#2,gerund,
vfDya,vfD#1,gerund,
vfSya,vraSc,gerund,
vfzasyitum,vfza,infinitive,
vfzIyitum,vfza,infinitive,
vfzya,vfz,gerund,
vfzya,vfza,gerund,
vfhya,vfh,gerund,
vektum,vic,infinitive,
vecayitum,vic,infinitive,caus
vecya,vic,gerund,caus
vejayitum,vij,infinitive,caus
vejitum,vij,infinitive,
vejya,vij,gerund,caus
vetum,vI#1,infinitive,
vettum,vid#1,infinitive,
vettum,vid#2,infinitive,
vedayitum,vid#1,infinitive,caus
veditum,vid#1,infinitive,
vedya,vid#1,gerund,caus
venitum,ven,infinitive,
venya,ven,gerund,
vepayitum,vip,infinitive,caus
vepitum,vip,infinitive,
vepya,vip,gerund,
veSayitum,viS#1,infinitive,caus
veSya,viS#1,gerund,caus
vezayitum,viz#1,infinitive,caus
vezwayitum,vezw,infinitive,caus
vezwitum,vezw,infinitive,
vezwum,viS#1,infinitive,
vezwum,viz#1,infinitive,
vezwya,vezw,gerund,
vezya,viz#1,gerund,caus
vErAyitum,vEra,infinitive,
vErya,vEra,gerund,
voQum,vah#1,infinitive,
vyaTayitum,vyaT,infinitive,caus
vyaTitum,vyaT,infinitive,
vyaTya,vyaT,gerund,
vyadDum,vyaD,infinitive,
vyAtum,vyA,infinitive,
vyADayitum,vyaD,infinitive,caus
vyADya,vyaD,gerund,caus
vrajitum,vraj,infinitive,
vrajya,vraj,gerund,
vraRayitum,vraRa,infinitive,
vraRya,vraRa,gerund,
vraScayitum,vraSc,infinitive,caus
vraScitum,vraSc,infinitive,
vraScya,vraSc,gerund,caus
vrazwum,vraSc,infinitive,
vrIqitum,vrIq,infinitive,
vrIqya,vrIq,gerund,
SaMsayitum,SaMs,infinitive,caus
SaMsya,SaMs,gerund,caus
Saktum,Sak,infinitive,
Sakya,Sak,gerund,
SaNkitum,SaNk,infinitive,
SaNkya,SaNk,gerund,
Sattum,Sad,infinitive,
Sadya,Sad,gerund,
Saptum,Sap,infinitive,
Sapya,Sap,gerund,
SabdAyitum,Sabda,infinitive,
Sabdya,Sabda,gerund,
Samayitum,Sam#1,infinitive,caus
Samitum,Sam#1,infinitive,
Samitum,Sam#2,infinitive,
Samya,Sam#1,gerund,caus
Samya,Sam#2,gerund,
Sayitum,SI#1,infinitive,
Sayya,SI#1,gerund,
Saritum,SF,infinitive,
SarItum,SF,infinitive,
SalaBAyitum,SalaBa,infinitive,
SalaBya,SalaBa,gerund,
Salitum,Sal,infinitive,
Salya,Sal,gerund,
Savitum,SU,infinitive,
SaSitum,SaS,infinitive,
Sasitum,Sas,infinitive,
Sastum,SaMs,infinitive,
Sasya,Sas,gerund,
Sasya,SaMs,gerund,
SAtayitum,Sad,infinitive,caus
SAtum,SA,infinitive,
SAtya,Sad,gerund,caus
SAdayitum,Sad,infinitive,caus
SAdya,Sad,gerund,caus
SAntayitum,SAnta,infinitive,
SAntya,SAnta,gerund,
SApayitum,Sap,infinitive,caus
SApya,Sap,gerund,caus
SAyayitum,SI#1,infinitive,caus
SAyya,SI#1,gerund,caus
SAsitum,SAs,infinitive,
SAsya,SAs,gerund,
Sikzayitum,Sikz,infinitive,caus
Sikzitum,Sikz,infinitive,
Sikzitum,Sak,infinitive,desid
Sikzya,Sikz,gerund,
Sikzya,Sak,gerund,desid
SiTilayitum,SiTila,infinitive,
SiTilAyitum,SiTila,infinitive,
SiTilya,SiTila,gerund,
Siya,SA,gerund,
SiSayizitum,SI#1,infinitive,desid
SiSayizya,SI#1,gerund,desid
SiSUyitum,SiSu,infinitive,
SiSya,SiSu,gerund,
Sizya,Siz,gerund,
Sizya,SAs,gerund,
SIGrAyitum,SIGra,infinitive,
SIGrya,SIGra,gerund,
SIya,SyA,gerund,
SIrya,SF,gerund,
SIlayitum,SIl,infinitive,caus
SIlitum,SIl,infinitive,
SIlya,SIl,gerund,
Sucya,Suc#1,gerund,
SuDya,SuD,gerund,
SuBya,SuB#1,gerund,
SumBitum,SumB,infinitive,
SumBya,SumB,gerund,
SuSrUzitum,Sru,infinitive,desid
SuSrUzya,Sru,gerund,desid
Suzya,Suz,gerund,
SUya,SU,gerund,
Setum,SI#1,infinitive,
Sezayitum,Siz,infinitive,caus
Sezitum,Siz,infinitive,caus
Sezwum,Siz,infinitive,
Sezya,Siz,gerund,caus
Soktum,Suc#1,infinitive,
Socayitum,Suc#1,infinitive,caus
Socitum,Suc#1,infinitive,
Socya,Suc#1,gerund,caus
SodDum,SuD,infinitive,
SoDayitum,SuD,infinitive,caus
SoDya,SuD,gerund,caus
SoBayitum,SuB#1,infinitive,caus
SoBitum,SuB#1,infinitive,
SoBya,SuB#1,gerund,caus
Sozayitum,Suz,infinitive,caus
Sozwum,Suz,infinitive,
Sozya,Suz,gerund,caus
SyAtum,SyA,infinitive,
SyAmAyitum,SyAma,infinitive,
SyAmya,SyAma,gerund,
Syenayitum,Syena,infinitive,
SyenAyitum,Syena,infinitive,
Syenya,Syena,gerund,
SraBya,SramB,gerund,
Sramitum,Sram,infinitive,
SramBitum,SramB,infinitive,
Sramya,Sram,gerund,
Srayitum,Sri,infinitive,
SrAmayitum,Sram,infinitive,caus
SrAmya,Sram,gerund,caus
SrAvam,Sru,gerund,
SrAvayitum,Sru,infinitive,caus
SrAvya,Sru,gerund,caus
Sritya,Sri,gerund,
Srutya,Sru,gerund,
Srotum,Sru,infinitive,
SlAGitum,SlAG,infinitive,
SlAGya,SlAG,gerund,
Slizya,Sliz,gerund,
Slezayitum,Sliz,infinitive,caus
Slezwum,Sliz,infinitive,
Slezya,Sliz,gerund,caus
Svasitum,Svas#1,infinitive,
Svasya,Svas#1,gerund,
Svitya,Svit,gerund,
Svetitum,Svit,infinitive,
zaRQayitum,zaRQa,infinitive,
zaRQya,zaRQa,gerund,
zWIvitum,zWIv,infinitive,
zWIvya,zWIv,gerund,
saktum,saYj,infinitive,
saKIyitum,saKi,infinitive,
saKya,saKi,gerund,
saNkawAyitum,saNkawa,infinitive,
saNkawya,saNkawa,gerund,
saNgrAmayitum,saNgrAma,infinitive,
saNgrAmya,saNgrAma,gerund,
sacitum,sac,infinitive,
sacya,sac,gerund,
sajjayitum,saYj,infinitive,caus
sajjIyitum,sajja,infinitive,
sajjya,sajja,gerund,
sajjya,saYj,gerund,caus
sajya,saYj,gerund,
sattum,sad#1,infinitive,
sadya,sad#1,gerund,
sanitum,san#1,infinitive,
sapiRqayitum,sapiRqa,infinitive,
sapiRqya,sapiRqa,gerund,
sapitum,sap#1,infinitive,
sapya,sap#1,gerund,
sarjayitum,sfj#1,infinitive,caus
sarjya,sfj#1,gerund,caus
sartum,sf,infinitive,
sarpayitum,sfp,infinitive,caus
sarptum,sfp,infinitive,
sarpya,sfp,gerund,caus
savitum,su#2,infinitive,
savitum,sU#1,infinitive,
sahitum,sah#1,infinitive,
sahya,sah#1,gerund,
sAQum,sah#1,infinitive,
sAtum,sA#1,infinitive,
sAdayitum,sad#1,infinitive,caus
sAdayitum,svad,infinitive,caus
sAdya,sad#1,gerund,caus
sAdya,svad,gerund,caus
sADayitum,siD#1,infinitive,caus
sADya,siD#1,gerund,caus
sAnayitum,san#1,infinitive,caus
sAntvayitum,sAntva,infinitive,
sAntvya,sAntva,gerund,
sAnya,san#1,gerund,caus
sApayitum,sap#1,infinitive,caus
sApya,sap#1,gerund,caus
sAya,sA#1,gerund,
sAya,san#1,gerund,
sAram,sf,gerund,
sArayitum,sf,infinitive,caus
sArya,sf,gerund,caus
sAvaDAnayitum,sAvaDAna,infinitive,
sAvaDAnya,sAvaDAna,gerund,
sicya,sic,gerund,
siDya,siD#1,gerund,
siDya,siD#2,gerund,
sisAnayizitum,san#1,infinitive,desid
sisAnayizya,san#1,gerund,desid
sisfkzitum,sfj#1,infinitive,desid
sisfkzya,sfj#1,gerund,desid
sismayizitum,smi,infinitive,desid
sismayizya,smi,gerund,desid
sIditum,sad#1,infinitive,
sIvayitum,sIv,infinitive,caus
sIvitum,sIv,infinitive,
sIvya,sIv,gerund,caus
suKAyitum,suKa,infinitive,
suKya,suKa,gerund,
suKyitum,suKa,infinitive,
sutya,su#2,gerund,
sudinAyitum,sudina,infinitive,
sudinya,sudina,gerund,
supya,svap,gerund,
sumanaya,sumanas,gerund,
sumanAyitum,sumanas,infinitive,
suya,sU#1,gerund,
surya,sur,gerund,
susyUzitum,sIv,infinitive,desid
susyUzya,sIv,gerund,desid
sUcayitum,sUc,infinitive,
sUcya,sUc,gerund,
sUdayitum,sUd,infinitive,
sUdya,sUd,gerund,
sUya,sU#1,gerund,
sfjya,sfj#1,gerund,
sftya,sf,gerund,
sfpas,sfp,infinitive,
sfpya,sfp,gerund,
sektum,sic,infinitive,
secayitum,sic,infinitive,caus
secya,sic,gerund,caus
setum,sA#1,infinitive,
sedDum,siD#1,infinitive,
sedDum,siD#2,infinitive,
seDitum,siD#2,infinitive,
sevayitum,sIv,infinitive,caus
sevitum,sev,infinitive,
sevya,sev,gerund,
sevya,sIv,gerund,caus
sotum,su#2,infinitive,
sotum,sU#1,infinitive,
soritum,sur,infinitive,
sohya,sah#1,gerund,
skadya,skand,gerund,
skanttum,skand,infinitive,
skandayitum,skand,infinitive,caus
skanditum,skand,infinitive,
skandya,skand,gerund,
skamBitum,skamB,infinitive,
skamBya,skamB,gerund,
sKalayitum,sKal,infinitive,caus
sKalitum,sKal,infinitive,
sKalya,sKal,gerund,
sKAlayitum,sKal,infinitive,caus
sKAlya,sKal,gerund,caus
stanitum,stan,infinitive,
stanya,stan,gerund,
staBya,stamB,gerund,
stamBayitum,stamB,infinitive,caus
stamBitum,stamB,infinitive,
stamBya,stamB,gerund,caus
staritum,stF,infinitive,
starItum,stF,infinitive,
stavitum,stu,infinitive,
stAvayitum,stu,infinitive,caus
stAvya,stu,gerund,caus
stIrya,stF,gerund,
stutya,stu,gerund,
stuBya,stuB,gerund,
stfya,stF,gerund,
stenayitum,stena,infinitive,
stenya,stena,gerund,
stotum,stu,infinitive,
stoBitum,stuB,infinitive,
styAtum,styA,infinitive,
styAya,styA,gerund,
sTagayitum,sTaga,infinitive,
sTagya,sTaga,gerund,
sTAtum,sTA#1,infinitive,
sTApayitum,sTA#1,infinitive,caus
sTApya,sTA#1,gerund,caus
sTAya,sTA#1,gerund,
snavitum,snu,infinitive,
snAtum,snA,infinitive,
snAya,snA,gerund,
snihya,snih#1,gerund,
snutya,snu,gerund,
snuhya,snuh#1,gerund,
snegDum,snih#1,infinitive,
snehayitum,snih#1,infinitive,caus
snehitum,snih#1,infinitive,
snehya,snih#1,gerund,caus
snogDum,snuh#1,infinitive,
snohitum,snuh#1,infinitive,
spandayitum,spand,infinitive,caus
spanditum,spand,infinitive,
spandya,spand,gerund,
sparDitum,sparD,infinitive,
sparDya,sparD,gerund,
sparzwum,spfS#1,infinitive,
spASayitum,spaS#1,infinitive,caus
spASya,spaS#1,gerund,caus
spfSya,spfS#1,gerund,
spfhayitum,spfh,infinitive,
spfhayya,spfh,gerund,
sPalitum,sPal,infinitive,
sPalya,sPal,gerund,
sPAtum,sPA,infinitive,
sPIya,sPA,gerund,
sPuwitum,sPuw,infinitive,
sPuwya,sPuw,gerund,
sPurya,sPur,gerund,
sPoritum,sPur,infinitive,
smartum,smf,infinitive,
smAyayitum,smi,infinitive,caus
smAyya,smi,gerund,caus
smArayitum,smf,infinitive,caus
smArya,smf,gerund,caus
smitya,smi,gerund,
smftya,smf,gerund,
smetum,smi,infinitive,
syadya,syand,gerund,
syanttum,syand,infinitive,
syanditum,syand,infinitive,
syandya,syand,gerund,
syUya,sIv,gerund,
sraMsitum,sraMs,infinitive,
sraMsya,sraMs,gerund,
srazwum,sfj#1,infinitive,
srAvayitum,sru,infinitive,caus
srAvya,sru,gerund,caus
srutya,sru,gerund,
srotum,sru,infinitive,
svaktum,svaYj,infinitive,
svajya,svaYj,gerund,
svaYjayitum,svaYj,infinitive,caus
svaYjya,svaYj,gerund,caus
svaditum,svad,infinitive,
svadya,svad,gerund,
svanayitum,svan,infinitive,caus
svanitum,svan,infinitive,
svanya,svan,gerund,
svapitum,svap,infinitive,
svaptum,svap,infinitive,
svaritum,svar#1,infinitive,
svaritum,svar#2,infinitive,
svarya,svar#1,gerund,
svarya,svar#2,gerund,
svalpaSilAyitum,svalpaSilA,infinitive,
svalpaSilya,svalpaSilA,gerund,
svAdayitum,svad,infinitive,caus
svAdya,svad,gerund,caus
svidya,svid#2,gerund,
svettum,svid#2,infinitive,
svedayitum,svid#2,infinitive,caus
svedya,svid#2,gerund,caus
haWitum,haW,infinitive,
haWya,haW,gerund,
hattum,had,infinitive,
hatya,han#1,gerund,
hadya,had,gerund,
hantum,han#1,infinitive,
hanya,han#1,gerund,
hartum,hf#1,infinitive,
hartum,hf#2,infinitive,
harzayitum,hfz,infinitive,caus
harzitum,hfz,infinitive,
harzya,hfz,gerund,caus
hasitum,has,infinitive,
hasya,has,gerund,
hAtum,hA#1,infinitive,
hAya,hA#1,gerund,
hAya,hA#2,gerund,
hArayitum,hf#1,infinitive,caus
hArya,hf#1,gerund,caus
hAsayitum,has,infinitive,caus
hAsya,has,gerund,caus
hiMzya,hiMs,gerund,
hiMsitum,hiMs,infinitive,
hikkitum,hikk,infinitive,
hikkya,hikk,gerund,
hitya,hi#2,gerund,
hIya,hA#1,gerund,
huRqitum,huRq,infinitive,
huRqya,huRq,gerund,
hutya,hu,gerund,
hUya,hU,gerund,
hftya,hf#1,gerund,
hfzya,hfz,gerund,
hetum,hi#2,infinitive,
hotum,hu,infinitive,
hnUtya,hnu,gerund,
hnotum,hnu,infinitive,
hrasitum,hras,infinitive,
hrasya,hras,gerund,
hrAdayitum,hrAd,infinitive,caus
hrAditum,hrAd,infinitive,
hrAdya,hrAd,gerund,
hrAsayitum,hras,infinitive,caus
hrAsya,hras,gerund,caus
hrIya,hrI#1,gerund,
hretum,hrI#1,infinitive,
hrepayitum,hrI#1,infinitive,caus
hrepya,hrI#1,gerund,caus
hlAdayitum,hlAd,infinitive,caus
hlAditum,hlAd,infinitive,
hlAdya,hlAd,gerund,
hvayitum,hU,infinitive,
hvalitum,hval,infinitive,
hvalya,hval,gerund,
hvAtum,hU,infinitive,
hvAyayitum,hU,infinitive,caus
hvAyya,hU,gerund,caus
